"Group","User","Account"
"Java Developers","Nakon, Ted","tnakon"
"Java Developers","Pasha, Areef","apasha"
"Java Developers","Gowda, Pradyumna","pgowda"
"Java Developers","Petrov, Victor","vpetrov"
"Java Developers","Fisenko, Antonina","afisenko"
"Java Developers","Dergunov, Yaroslav","ydergun"
"Java Developers","Balashov, Andrii","abalasho"
"Java Developers","Vasilenko, Valentin","vvasilen"
"Java Developers","Marella, Gayatri","gmarella"
"Java Developers","Oschepkov, Anton","aosche"
"Java Developers","Henry, Andrew","ahenry"
"Java Developers","Belotserkovsky, Lana","sysbel"
"Java Developers","Sreedharan, Kavitha","ksreedha"
"QA Team","Galla,Shankar","sgall"
"QA Team","Inabathini, Krishna","kinabath"
"QA Team","Lohit, Karishma","klohit"
"QA Team","Hicks, Jonise","jhicks"
"QA Team","Kamaraj, Preethi","pkamara"
"QA Team","Kottha, Lava","lkottha"
"QA Team","Broadley, Taylor","tbroadle"
"QA Team","Goyal, Rohit","rgoyal"
"QA Team","Arora, Barkha","barora"
"QA Team","Khanduri, Rakesh","rkhandur"
"QA Team","Shaik, Allabaksh","ashaik"
"QA Team","Belal, Bma","bbelal"
"QA Team","George, Sanju","sgeorge"
"QA Team","Nasreen, Shabi","snasreen"
"QA Team","Ahuja, Yukti","yahuja"
"QA Team","Verma, Deepti","dverma"
"QA Team","Gazi, Mohiuddin","mgazi"
"QA Team","Krishnasamy, Satish","skrishna"
"QA Team","Radhakrishnan, Vignesh","vradhak"
"QA Team","Karikeshamma, Ambika","akarikes"
"QA Team","Afshan, Moud","mafshan"
"QA Team","Bavisetti, Lalitha","lbaviset"
"QA Team","Deol, Kapil","kdeol"
"QA Team","Jain, Anuj","anujj"
"QA Team","Bhandari, Anu","abhandar"
"QA Team","Srivastava, Rajdipali","rsrivast"
"QA Team","Pundir, Rohit","rpundir"
"QA Team","Karakavalasa, Neveen","nkarakav"
"QA Team","Manam, Satish","smanam"
"QA Team","Pal, Debaleena","debpal"
"QA Team","Grimes, Eileen","ewalsh"
"QA Team","Chamola, Deepak","dchamola"
"QA Team","Perea, Ancuta","cldnis"
"QA Team","Badvelu, Anith","cldbad"
"QA Team","Corbett, Benjamin","bcorbett"
"QA Team","Soisson, Todd","tsoisson"
"QA Team","Anugonda, Hemant","sysang"
"QA Team","Kheifetz, Jury","syskhe"
"PATH TEAM","Amici, Christopher","camici"
"PATH TEAM","Chow, Wayne","wchow"
"PATH TEAM","Cummings, Corey","syscum"
"PATH TEAM","Kumar, Sai","saikumar"
"PATH TEAM","Lynch, Scott","syslyc"
"PathNet Dev","Nikolaev, Dmitriy","dnikolae"
"PathNet Dev","Amici, Christopher","camici"
"PathNet Dev","Chow, Wayne","wchow"
"PathNet Dev","Mohammed, Zahid","zmohamm"
"PathNet Dev","Kannan, Ramkumar","rkannan"
"PathNet Dev","Parthasarathi, Pallavi","parthasa"
"PathNet Dev","Bhaskaran, Sandeep","sbhaskar"
"PathNet Dev","Nigro, Donald","dnigro"
"PathNet Dev","Rocereta, Stephanie","sysror"
"PathNet Dev","Urkowitz, Alan","sysurk"
"PathNet Dev","DeBolt, Andrew","adebolt"
"PathNet Dev","Cummings, Corey","syscum"
"PathNet Dev","Kumar, Sai","saikumar"
"PathNet Dev","Vasilenko, Valentin","vvasilen"
"PathNet Dev","Ksenzhuk, Vitaliy","vksenzhu"
"PathNet Dev","Schekatihin, Andrew","Aschekat"
"PathNet Dev","Chowdary, Sri","schowdar"
"PathNet Dev","Jeyasingh, Rexon","sysjey"
"PathNet Dev","Casey, Scott","syscas"
"PathNet Dev","Moyer, Paul","sysmoy"
"PathNet Dev","Corbett, Benjamin","bcorbett"
"PathNet Dev","Lynch, Scott","syslyc"
"PathNet Dev","O'Brien, Meghan","sysobr"
"PathNet Dev","Mung Au, Jennifer","sysmun"
"PathNet Dev","Belotserkovsky, Lana","sysbel"
"PathNet Dev",,
"PathNet Dev","Tella, KiranKumar","systel"
"Enterprise Architecture","Guarino, Joseph","jguarino"
"Enterprise Architecture","DeCaria, Sal","sdecaria"
"Enterprise Architecture","Krislasky, Lena","lkrislsk"
"Enterprise Architecture","Byreddy, Anil","abyreddy"
"Enterprise Architecture","Tadimeti, Manish","mtadim"
"Enterprise Architecture","Svetcov, David","syssve"
"Enterprise Architecture","Schardt, James","syssca"
"Enterprise Architecture","Irudayaraj, Dharmaraj","sysiru"
"Enterprise Architecture","Miller, Matt","sysmil"
"Enterprise Architecture","Koziara, Edward","syskoz"
"Enterprise Architecture","Rudolph, Brett","sysrud"
"Enterprise Architecture","Hart, Bill","syshar"
"Enterprise Architecture","Sweitzer, Aimee","sysgom"
"Enterprise Architecture","Spade, Cathy","sysspd"
"Quality Assurance","Galla,Shankar","sgall"
"Quality Assurance","Inabathini, Krishna","kinabath"
"Quality Assurance","Lohit, Karishma","klohit"
"Quality Assurance","Hicks, Jonise","jhicks"
"Quality Assurance","Kamaraj, Preethi","pkamara"
"Quality Assurance","Kottha, Lava","lkottha"
"Quality Assurance","Broadley, Taylor","tbroadle"
"Quality Assurance","Goyal, Rohit","rgoyal"
"Quality Assurance","Arora, Barkha","barora"
"Quality Assurance","Khanduri, Rakesh","rkhandur"
"Quality Assurance","Shaik, Allabaksh","ashaik"
"Quality Assurance","Belal, Bma","bbelal"
"Quality Assurance","George, Sanju","sgeorge"
"Quality Assurance","Nasreen, Shabi","snasreen"
"Quality Assurance","Ahuja, Yukti","yahuja"
"Quality Assurance","Verma, Deepti","dverma"
"Quality Assurance","Gazi, Mohiuddin","mgazi"
"Quality Assurance","Krishnasamy, Satish","skrishna"
"Quality Assurance","Radhakrishnan, Vignesh","vradhak"
"Quality Assurance","Karikeshamma, Ambika","akarikes"
"Quality Assurance","Afshan, Moud","mafshan"
"Quality Assurance","Bavisetti, Lalitha","lbaviset"
"Quality Assurance","Deol, Kapil","kdeol"
"Quality Assurance","Jain, Anuj","anujj"
"Quality Assurance","Bhandari, Anu","abhandar"
"Quality Assurance","Srivastava, Rajdipali","rsrivast"
"Quality Assurance","Manam, Satish","smanam"
"Quality Assurance","Pal, Debaleena","debpal"
"Quality Assurance","Grimes, Eileen","ewalsh"
"Quality Assurance","Chamola, Deepak","dchamola"
"Quality Assurance","Perea, Ancuta","cldnis"
"Quality Assurance","Badvelu, Anith","cldbad"
"Quality Assurance","Adcock, Carolyn","cadcock"
"Quality Assurance","Corbett, Benjamin","bcorbett"
"Quality Assurance","Soisson, Todd","tsoisson"
"Quality Assurance","Anugonda, Hemant","sysang"
"Quality Assurance","Kheifetz, Jury","syskhe"
"Corporate Reporting","Kumar, Navaneeth","nkumar"
"Corporate Reporting","Gollapallem, Giribabu","ggollapa"
"Corporate Reporting","Samoylo, Mark","syssam"
"Corporate Reporting","Agrawal, Payal","pagarwal"
"Corporate Reporting","Kelly, Terrance","syskly"
"Corporate Reporting","Hayes, David","syshay"
"Corporate Reporting","Sigal, Regina","accsig"
"Corporate Reporting","Yang, Jeanette","sysyan"
"Corporate Reporting","Janas, David","sysjan"
"Corporate Reporting","Rice, Christopher","sysric"
"Corporate Reporting","Breisch, Steven","sysbri"
"Corporate Reporting","O'Sullivan, Ciaran","syssui"
"Corporate Reporting","Forman, Joshua","sysfom"
"Corporate Reporting","Vargas, Jason","sysvag"
"Corporate Reporting","Wong, Nina","acctea"
"Corporate Reporting","Newman, Carolyn","inshul"
"Corporate Reporting","McCullough, Kara","accavi"
"Corporate Reporting",,
"Corporate Reporting","Reporting On Call Support","RptOnCall"
"Data Warehousing","Steiner, Alfred","asteiner"
"Data Warehousing","Kumar, Navaneeth","nkumar"
"Data Warehousing","Chockalingam, Mani","mchockal"
"Data Warehousing","Sure, Gopi","gosure"
"Data Warehousing","Rampalli, Ramesh","rrampall"
"Data Warehousing","Chennu, Srilakshmi","schennu"
"Data Warehousing","Arezina, Matt","marezina"
"Data Warehousing","Gollapallem, Giribabu","ggollapa"
"Data Warehousing","Lindsey, Ann","alindsey"
"Data Warehousing","Fiorentino, Harry","hfiorent"
"Data Warehousing","Chandler, Eileen","echandle"
"Data Warehousing","Matthews, Christopher","sysmah"
"Data Warehousing","Hayes, David","syshay"
"Data Warehousing","Mordukhayev, Felix","sysmor"
"Data Warehousing","Humphry, James","syshum"
"Data Warehousing","Kalyuta, Oksana","syskay"
"Data Warehousing","Godfrey, Erik","sysgod"
"Data Warehousing","O'Brien, Meghan","sysobr"
"Data Warehousing","Segal, Stella","ssegal"
"Data Warehousing","Holsopple, Mark","syshos"
"Interface Team","Swaminathan, Mani","mswamina"
"Interface Team","Kumar, Ravi","kumarr"
"Interface Team","Dandu, Sivarama","srama"
"Interface Team","Mandal, Amit","amandel"
"Interface Team","Singh, Ashwani","singha"
"Interface Team","Tukuntla, Nandakishore","ntukunt"
"Interface Team","Bomma, Murali","mbomma"
"Interface Team","Kumar, Dhanesh","dkumar"
"Interface Team","Mukka, Jayakrishna","jmukka"
"Interface Team","Herbst, Linda","sysher"
"Interface Team","Knight, Tom","syskni"
"Interface Team","Ma, Hannah","syshma"
"Interface Team","Mung Au, Jennifer","sysmun"
"Sharepoint Services","Gerhardt, Frank","fgerhard"
"Sharepoint Services","Cargo, David","dcargo"
"Sharepoint Services","John Durand","durandjo"
"Sharepoint Services","Green, Stephen","sgreen"
"Sharepoint Services","Fernandez, Rebecca","rfernand"
"Sharepoint Services","Seagraves, Michael","mseagrav"
"Sharepoint Services","DeLeon, Ralph","rdeleon"
"Sharepoint Services","Hendricks, Ryan","rhendric"
"Sharepoint Services","Friedman, Adam","friedmad"
"Sharepoint Services","Werner, Jason","jwerner"
"Sharepoint Services","Kodipaka, Rajesh","rkodipak"
"Sharepoint Services","DeRitis, Marisa","mderitis"
"Sharepoint Services","Michael Banales","banalemi"
"Sharepoint Services","Brett Hopp","hoppbr"
"Sharepoint Services","Danison,Laurie","ldanison"
"Sharepoint Services","Gaitonde, Manesh","mgaitond"
"Sharepoint Services","Ethan Ward","WARDET"
"Sharepoint Services","Wapnitsky, Larry","lwapnits"
"Sharepoint Services","Larsen, Eric","elarsen"
"Sharepoint Services","Doty, Derek","sysdot"
"Sharepoint Services","Russo, Kevin","sysrus"
"Sharepoint Services","Gwiazda, Joyce","cldgwi"
"Sharepoint Services","D'Antonio, Gina","sysdan"
"Sharepoint Services","Hinson, Rodney","rhinson"
"Sharepoint Services","Bromley, Clayton","sysbro"
"Sharepoint Services","Koonce, M. Charles","REGKOO"
"Sharepoint Services","Kitchens, Kenyetta","sysken"
"Sharepoint Services","Eisiminger, Helen","sysmic"
"Sharepoint Services","Sindoni, Joe","syssin"
"Sharepoint Services","Moorhead, Glenn","insmor"
"Sharepoint Services","Moser, Sam","sysmos"
"Sharepoint Services","Bond, Ronald","sysbon"
"Sharepoint Services","Heitz, Jason","reghez"
"Sharepoint Services","Bowman, Steven","sbowman"
"Sharepoint Services","Tabata, Yuho","ytabata"
"Sharepoint Services","Bristow, Ian","cldbri"
"Sharepoint Consultants","Koyi, Suresh","skoyi"
"Sharepoint Consultants","Kodipaka, Rajesh","rkodipak"
"Sharepoint Consultants","Magby, Tyrone","tmagby"
"Sharepoint Consultants","Miklau, Karen","KMiklau"
"Sharepoint Consultants","Bizin, Andrei","abizin"
"Sharepoint Consultants","Chudesov, Sergey","schudeso"
"Sharepoint Consultants","Tcvetkov, Egor","etcvetko"
"Sharepoint Consultants","Ulyanchenko, Sergey","sulyanch"
"Sharepoint Consultants","Agrawal, Payal","pagarwal"
"Alliance","Marella, Gayatri","gmarella"
"ETL","Singh, Ashwani","singha"
"ETL","Kumar, Dhanesh","dkumar"
"ETL","Herbst, Linda","sysher"
"ETL","Knight, Tom","syskni"
"ETL","Ma, Hannah","syshma"
"ETL","O'Brien, Meghan","sysobr"
"ETL","Mung Au, Jennifer","sysmun"
"Actuarial Support","Steiner, Alfred","asteiner"
"Actuarial Support","Kumar, Navaneeth","nkumar"
"Actuarial Support","Chockalingam, Mani","mchockal"
"Actuarial Support","Sure, Gopi","gosure"
"Actuarial Support","Rampalli, Ramesh","rrampall"
"Actuarial Support","Chennu, Srilakshmi","schennu"
"Actuarial Support","Arezina, Matt","marezina"
"Actuarial Support","Gollapallem, Giribabu","ggollapa"
"Actuarial Support","Lindsey, Ann","alindsey"
"Actuarial Support","Fiorentino, Harry","hfiorent"
"Actuarial Support","Chandler, Eileen","echandle"
"Actuarial Support","Hayes, David","syshay"
"Actuarial Support","Mordukhayev, Felix","sysmor"
"Actuarial Support","Humphry, James","syshum"
"Actuarial Support","Kalyuta, Oksana","syskay"
"Actuarial Support","Yang, Jeanette","sysyan"
"Actuarial Support","Godfrey, Erik","sysgod"
"Actuarial Support","Breisch, Steven","sysbri"
"Actuarial Support","Segal, Stella","ssegal"
"Actuarial Support","Holsopple, Mark","syshos"
"IT","Sigal, Regina","accsig"
"IT","Paduri, Swetha","SPaduri"
"IT","Irudayaraj, Dharmaraj","sysiru"
"IT","Sullivan, Karen","cldsul"
"IT","Knight, Tom","syskni"
"IT","Timoteo, Maria","systio"
"IT","Curry, Joanne","cldcuy"
"IT","Bromley, Clayton","sysbro"
"IT","Koonce, M. Charles","REGKOO"
"IT","Kitchens, Kenyetta","sysken"
"IT","Kumar, Virag","vikumar"
"IT","Hargrove, Larry","syslha"
"IT","Lentz, Richard","syslen"
"IT","Musonge, Ewange","sysmus"
"IT","Eisiminger, Helen","sysmic"
"IT","Cavan, Brent Nash","bcavan"
"IT","Algeo, James","sysalg"
"IT","Yang, Jeanette","sysyan"
"IT","Gray, Robert","sysrgr"
"IT","Quagliarello, Jane","sysqua"
"IT","Sipman, Gary","gsipman"
"IT","Sindoni, Joe","syssin"
"IT","Adcock, Carolyn","cadcock"
"IT","Janas, David","sysjan"
"IT","Miller, Matt","sysmil"
"IT","Silvers, Nathan","syssiv"
"IT","Ma, Hannah","syshma"
"IT","Lynch, Scott","syslyc"
"IT","Godfrey, Erik","sysgod"
"IT","Stefanic, Steve","sysste"
"IT","O'Brien, Meghan","sysobr"
"IT","LeMay, John","syslem"
"IT","Moorhead, Glenn","insmor"
"IT","Moser, Sam","sysmos"
"IT","Williamson, Charlene","cwilliam"
"IT","Lambert, Chrystie","clambert"
"IT","Muller, Peggy","sysmul"
"IT","Breisch, Steven","sysbri"
"IT","Bond, Ronald","sysbon"
"IT","Bretzius, Kerry","sysbre"
"IT","Vong, Kenneth","sysvon"
"IT","Szewczak, Anthony","syssze"
"IT","Heitz, Jason","reghez"
"IT","Mung Au, Jennifer","sysmun"
"IT","O'Sullivan, Ciaran","syssui"
"IT","Shulman, Igor","ischulma"
"IT","Kocur, Ed","syskou"
"IT","Koziara, Edward","syskoz"
"IT","Redmond, William","wredmond"
"IT","Zhitomirsky, Eugene","syszhi"
"IT","Tigue, David","systig"
"IT","Siraj, Mohammed","syssia"
"IT","Mazumdar, Sandip","sysmaz"
"IT","Zighelboim, Joel","Syszig"
"IT","Soisson, Todd","tsoisson"
"IT","Taylor, Jason","systay"
"IT","Rudolph, Brett","sysrud"
"IT","Sator, Zlatko","syssat"
"IT","Crone, Steve","syscrn"
"IT","Segal, Stella","ssegal"
"IT","Pizzola, Joe","syspiz"
"IT","Dickson, Patrick","pdickson"
"IT","Walker, Helen","hwalker"
"IT","Anugonda, Hemant","sysang"
"IT","Hart, Bill","syshar"
"IT","Leyrer, Richard","cldley"
"IT","Belotserkovsky, Lana","sysbel"
"IT","Sweitzer, Aimee","sysgom"
"IT","Fridy, Joan","sysfri"
"IT","Zwicker, Ed","syszwi"
"IT","Spade, Cathy","sysspd"
"IT","Forman, Joshua","sysfom"
"IT","Cocci, Martin","syscoc"
"IT","Kheifetz, Jury","syskhe"
"IT","Forbes, Dorothy","cldfor"
"IT","O'Gilvie, Errol","salerr"
"IT","Sreedharan, Kavitha","ksreedha"
"IT","Robbins, Kevin","sysrob"
"IT","Schulz, Denise","sysscu"
"IT","Holsopple, Mark","syshos"
"IT","Costanzo, Anthony","syscot"
"IT","Silverman, Keri","syssil"
"IT","Amato, Nancy","accama"
"IT","Lerro, Michael","inaler"
"IT","Bowman, Steven","sbowman"
"IT","King, Charmagne","inskin"
"IT","McCullough, Kara","accavi"
"IT","Monaghan, Jack","sysmon"
"IT","Deeming, Frances","insdee"
"IT","Kumaravel, Mahendran","syskua"
"IT","Sautner, Ben","syssau"
"IT","Tella, KiranKumar","systel"
"IT","Ward, Ethan","eward"
"IT","Roehrenbeck, Rece","sysroh"
"IT","Reiter, Jeff","sysret"
"IT","Kadysh, Lana","syskad"
"IT",,
"IT","Bristow, Ian","cldbri"
"IT","Grohol, Jim","sysgro"
"IT","McAnally, Jennifer","sysmca"
"IT","Hawkins, Jerard","jhawkins"
"IT","Byalsky, Ludmila","lbyalsky"
"IT","Gaitonde, Manesh","mgaitond"
"IT","Saxena, Kamini","ksaxena"
"IT","Kora, Rambabu","rkora"
"IT","Das Mohapatra, Tapas Kuma","tmohapat"
"IT","Vedantham, Padma Bhushan","pvedanth"
"IT","Peddi, Dinesh","dpeddi"
"IT","Naripella, Rahul","rnarippe"
"IT","Qayoom, Mohammed","mqayoom"
"IT","Venkatesh, Aravelly","varavell"
"IT","Ali Baig, Ismail","ialibaig"
"IT","Pileggi, Elisa","epileggi"
"IT","Ponnaganti, MohanaRao","mponnaga"
"IT","Reddy, Devender","devreddy"
"IT","Popolano, Jonathan","jpopolan"
"IT","Bizin, Andrei","abizin"
"IT","Chudesov, Sergey","schudeso"
"IT","Tcvetkov, Egor","etcvetko"
"IT","Ulyanchenko, Sergey","sulyanch"
"IT","Evans, Robin","revans"
"IT","Marella, Gayatri","gmarella"
"IT","Vargheese, Biju","bvargh"
"IT","Kuppuswamy, Gopinath","GKuppusw"
"IT","Gilbert, Tom","tgilbert"
"IT","Schekatihin, Andrew","Aschekat"
"IT","Arya, Ashutosh","aarya"
"IT","Peel, Andrew","andpeel"
"IT","Washington, Jarrett","jwashing"
"IT","Chowdary, Sri","schowdar"
"IT","Grinberg, Alex","agrinber"
"IT","Grassi, Anthony","agrassi"
"IT","Wapnitsky, Larry","lwapnits"
"IT","Sangar, Chinmoy","csangar"
"IT","Timmasarti, Karteek","ktimmasa"
"IT","Banga, Ankur","abanga"
"IT","Agrawal, Payal","pagarwal"
"IT","Oschepkov, Anton","aosche"
"IT","Nosik, Alexey","anosik"
"IT","Choudhary, Nikunj","nchoudhary"
"IT","Chernyaev, Dmitry","dcherny"
"IT","Polu, Jagadeesh","jpolu"
"IT","Hayek, Anthony","ahayek"
"IT","Smolyansky, Yelana","ysmoly"
"IT","Thota, Mahesh","mthota"
"IT","Sharma, AJ","asharma"
"IT","Balike, Ravishankar","sysbal"
"IT","Baig, Mirza","mbaig"
"IT","Gurram, Ranjith","sysgum"
"IT","Bowman, Michael","sysbom"
"IT","Garza, Darrin","dgarza"
"IT","Vincent, Wesley","wvincent"
"IT","Muir, Trish","sysmur"
"IT","Schmalzrid, Richard","rschmalz"
"IT","Kodiya, Aklank","akodiya"
"IT","Venafra, Mike","mvenafra"
"IT","Kelly, Terrance","syskly"
"IT","McCole, Amy","sysmcl"
"IT","Takei, Toshio","ttakei"
"IT","Nguyen, Tuan","tnguyen"
"IT","Ott, Jimmie","jimott"
"IT","Tummala, Krishna","ktummala"
"IT","Larsen, Eric","elarsen"
"IT","Shukhin, Olga","oshukhin"
"IT","TestSP1","TestSP1"
"IT","Henry, Andrew","ahenry"
"IT","Tadimeti, Manish","mtadim"
"IT","Doty, Derek","sysdot"
"IT","Schultz, Jennifer","inasch"
"IT","Russo, Kevin","sysrus"
"IT","Matthews, Christopher","sysmah"
"IT","Svetcov, David","syssve"
"IT","Hayes, David","syshay"
"IT","Erario, Anthony","accera"
"IT","Jeyasingh, Rexon","sysjey"
"IT","Mordukhayev, Felix","sysmor"
"IT","Badvelu, Anith","cldbad"
"IT","Lobman, Jeffrey","cldlob"
"IT","Yakkati, Sitaram","syakkati"
"IT","Masutani, Akiko","sysmas"
"IT","Castaneda, Sean","syscan"
"IT","Humphry, James","syshum"
"IT","Reed, Dawn","sysreed"
"IT","Gaines, Carl","sysgai"
"IT","D'Abundo, Sal","sysabu"
"IT","Schardt, James","syssca"
"IT","Kimball, George","syskim"
"IT","Jones, Douglas","sysjon"
"IT","Kalyuta, Oksana","syskay"
"IT","Walker, Gwen","cldwak"
"IT","Gwiazda, Joyce","cldgwi"
"IT","Guerzini, Lori","sysgue"
"IT","D'Antonio, Gina","sysdan"
"IT","Casey, Scott","syscas"
"IT","Verish, Christina","sysver"
"IT","Herbst, Linda","sysher"
"IT","Moyer, Paul","sysmoy"
"IT","Ananyeva, Natalie","sysana"
"IT","Teichert, Robert","systei"
"IT","Hinson, Rodney","rhinson"
"IT","Puppala, Srinivasa","spuppala"
"IT","Saraswat, Amit","asaraswa"
"IT","Seagraves, Michael","mseagrav"
"IT","Ryan ADM. Hendricks","adm_rhe"
"IT","DeLeon, Ralph","rdeleon"
"IT","Hendricks, Ryan","rhendric"
"IT","Chow, Wayne","wchow"
"IT","Patel, Kinjalkumar","kpatel"
"IT","Petrov, Victor","vpetrov"
"IT","Veeramani, Ram","rveerami"
"IT","Seeney, Cameron","cseeney"
"IT","Lu, Kathy","klu"
"IT","Venumbaka, Pradeep","pvenumba"
"IT","Byreddy, Anil","abyreddy"
"IT","Lindsey, Ann","alindsey"
"IT","Chaby, Al","achaby"
"IT","Batt, Andrew","abatt"
"IT","DeRemer, Austin","aderemer"
"IT","Oliver, Jerry","joliver"
"IT","Pick, Robert","rpick"
"IT","Coffin, Philip","pcoffin"
"IT","Pareek, Vikash","vpareek"
"IT","Tung, Ken","ktung"
"IT","Saidu, Varney","vsaidu"
"IT","Rhynes, Andrian","arhynes"
"IT","Johnson, Kristina","kjohnson"
"IT","Cute, Dianna","dcute"
"IT","Kumar, Ravi","kumarr"
"IT","Dandu, Sivarama","srama"
"IT","Fiorentino, Harry","hfiorent"
"IT","Williams, Owen","williamo"
"IT","Murphy, Kevin","kmurphy"
"IT","Verma, Rajiv","raverma"
"IT","Somchenko, Vitaliy","vsomchen"
"IT","Mandal, Amit","amandel"
"IT","Yamona, John","jyamona"
"IT","Tripp, Brian","btripp"
"IT","Greene, Lucinda","lgreene"
"IT","Werner, Jason","jwerner"
"IT","Prutzman, Elaine","cldpru"
"IT","Gupta, Rohit","rohgupta"
"IT","Mohammed, Zahid","zmohamm"
"IT","Kannan, Ramkumar","rkannan"
"IT","George, Sanju","sgeorge"
"IT","Venezia, Dominic","dvenezia"
"IT","Koyi, Suresh","skoyi"
"IT","Sarangi, Sitikantha","ssarangi"
"IT","Ponder, Johnny","jponder"
"IT","Parthasarathi, Pallavi","parthasa"
"IT","Prutzman, Elaine (x)","eprutzma"
"IT","Suda, Donnie","dsuda"
"IT","Prasad, Ashish","aprasad"
"IT","Dendurluri, Srinivas","sdendurl"
"IT","Ilyas Khan, Mohammed","mkhan"
"IT","McFarland, August","amacfar"
"IT","Raamaswamy, Gurumoorthy","graamasw"
"IT","Singh, Ashwani","singha"
"IT","Gururajan, Prabhu","pguruaji"
"IT","Tukuntla, Nandakishore","ntukunt"
"IT","Bomma, Murali","mbomma"
"IT","Kumar, Dhanesh","dkumar"
"IT","Mukka, Jayakrishna","jmukka"
"IT","Chandler, Eileen","echandle"
"IT","Desai, Himanshu","hdesai"
"IT","Keough, Lawrence","lkeough"
"IT","Voruganti, Hareesh","hvorugan"
"IT","Evers, William","wevers"
"IT","Nagarajan, Rajesh","rnagaraj"
"IT","Bhaskaran, Sandeep","sbhaskar"
"IT","Carter, Brenda","syscrt"
"IT","Westerman, Amy","awester"
"IT","Nigro, Donald","dnigro"
"IT","Bair, Katherine","kbair"
"IT","Rocereta, Stephanie","sysror"
"IT","Ransom, Dennis","dransom"
"IT","Kodipaka, Rajesh","rkodipak"
"IT","Swartz, Dustin","sysswa"
"IT","Marisa ADM. DeRitis","ADM_MDE"
"IT","DeRitis, Marisa","mderitis"
"IT","Bhambhani, Neha","nbhambha"
"IT","Robinson, Lynne","robinsol"
"IT","Maddali, Prakash","pmaddali"
"IT","Smith, Lafayette","lsmith"
"IT","Urkowitz, Alan","sysurk"
"IT","DeBolt, Andrew","adebolt"
"IT","Konkoly, Leslie","lkonkoly"
"IT","Leitham, Kyle","kleitham"
"IT","Dergunov, Yaroslav","ydergun"
"IT","Gulati, Hemant","hgulati"
"IT","Yadam, Suresh","syadam"
"IT","Singh, Ankita","asingh"
"IT","Sharma, Varun","vasharma"
"IT","Thomas, Jency","jthomas"
"IT","Balashov, Andrii","abalasho"
"IT","Manning, David","dmanning"
"IT","Wheeler, Christina","cwheeler"
"IT","Cummings, Corey","syscum"
"IT","Danison,Laurie","ldanison"
"IT","Sharma, Varun S.","vsharma"
"IT","Kumar, Sai","saikumar"
"IT","Nikolaev, Dmitriy","dnikolae"
"IT","Danasekaran, Sureshkumar","sdanasek"
"IT","Shrivastava, Priyanka","pshrivas"
"IT","Anjani Tyagi, Kunwar","ktyagi"
"IT","Nakon, Ted","tnakon"
"IT","Gerhardt, Frank","fgerhard"
"IT","Toney, Jennifer","jtoney"
"IT","Chomyn, Mary","mchomyn"
"IT","Amici, Christopher","camici"
"IT","Vostinic, Veljko","vvostini"
"IT","Savic, Dejan","dsavic"
"IT","MacKenzie, Brian","bmackenz"
"IT","Jovic, Marko","mjovic"
"IT","Klaiber, Chris","cklaiber"
"IT","Cargo, David","dcargo"
"IT","Niehaus, Candice E.","eniehaus"
"IT","Oxner, Earle","eoxner"
"IT","Rajput, Ashish","arajput"
"IT","Anand, Shivangi","sanand"
"IT","Pokade, Amrita","apokade"
"IT","Steiner, Alfred","asteiner"
"IT","Kumar, Navaneeth","nkumar"
"IT","Braverman, Jeff","jbraver"
"IT","Gaton, Amelec","agaton"
"IT","Gannon, Michael","mgannon"
"IT","Reeder, Andrew","areeder"
"IT","Wong, Noma","nwong"
"IT","Chockalingam, Mani","mchockal"
"IT","Romanski, Jared","jromansk"
"IT","Patel, Shailesh","shpatel"
"IT","John, Aneela","anjohn"
"IT","Guarino, Joseph","jguarino"
"IT","Palavesam, Subha","spalaves"
"IT","DeCaria, Sal","sdecaria"
"IT","Green, Stephen","sgreen"
"IT","McLaughlin, Auvel","amclaugh"
"IT","Sure, Gopi","gosure"
"IT","Rampalli, Ramesh","rrampall"
"IT","Chennu, Srilakshmi","schennu"
"IT","Golovnya, Vitaliy","vgolovny"
"IT","Mishra, Sakshi","smishra"
"IT","Bomersbach, Jonas","jbomersb"
"IT","Fernandez, Rebecca","rfernand"
"IT","Hollander, Dave","dholland"
"IT","O'Connell, Daniel","doconnel"
"IT","Krislasky, Lena","lkrislsk"
"IT","Arezina, Matt","marezina"
"IT","Golden, Ken","kgolden"
"IT","Gill, Steve","sgill"
"IT","Bhasin, Karan","kbhasin"
"IT","Ramineni, Srujan","sraminen"
"IT","Swaminathan, Mani","mswamina"
"IT","Pasha, Areef","apasha"
"IT","Gowda, Pradyumna","pgowda"
"IT","Burch, Arteevie","aburch"
"IT","Gollapallem, Giribabu","ggollapa"
"IT","Penumalla, Karthik","kpenum"
"IT","Roberts, Dave","droberts"
"IT","Patole, Madhavi","mpatole"
"IT","Kretzu, Peter","pkretzu"
"IT","Barra, Brian","bbarra"
"Service Accounts","s00SailPoint","s00SailPoint"
"Service Accounts","s01videoconf","s01videoconf"
"Service Accounts","s02videoconf","s02videoconf"
"Service Accounts","s00svcdms","s00svcdms"
"Service Accounts","s00insys","s00insys"
"Service Accounts","s00GuidewireJBOSS","s00GuidewireJBOSS"
"Service Accounts","s00videoconf4","s00videoconf4"
"Service Accounts","s01PATH_SCRN_MAINT","s01PATH_SCRN_MAINT"
"Service Accounts","s00magadmin","s00magadmin"
"Service Accounts","s00leostream","s00leostream"
"Service Accounts","s00videoconf3","s00videoconf3"
"Service Accounts","s00videoconf2","s00videoconf2"
"Service Accounts","s00videoconf1","s00videoconf1"
"Service Accounts","s00ldap_footprints","s00ldap_footprints"
"Service Accounts","s00videoconf","s00videoconf"
"Service Accounts","s00ravpnadmin","s00ravpnadmin"
"Service Accounts","s00cogmigrate","s00cogmigrate"
"Service Accounts","s00migrator","s00migrator"
"Service Accounts","s00vmturbo","s00vmturbo"
"Service Accounts","s00cognos","s00cognos"
"Service Accounts","s00irvd","s00irvd"
"Service Accounts","svc_vranger","svc_vranger"
"Service Accounts","s00ldap_linux_proxy","s00ldap_linux_proxy"
"Service Accounts","s00ldap_emc","s00ldap_emc"
"Service Accounts","Vault Service Account","vaultsvc"
"Service Accounts","svc_mossp_workflow","svc_mossp_workflow"
"Service Accounts","postmaster","postmaster"
"Service Accounts","SVC_WINPAK brasslock","svc_winpak"
"Service Accounts","SQL SERVICE","SQLSERVICE"
"Service Accounts","s00PFRPL","s00PFRPL"
"Service Accounts","s00spteamtmnasap","s00spteamtmnasap"
"Service Accounts","s00sptmnasap","s00sptmnasap"
"Service Accounts","s00spttmnasap_devqa","s00spttmnasap_devqa"
"Service Accounts","s00sptmnasap_devqa","s00sptmnasap_devqa"
"Service Accounts","s00UAGMGR","s00uagmgr"
"Service Accounts","s00mmtarget","s00mmtarget"
"Service Accounts","s00epoadmin","s00epoadmin"
"Service Accounts","s00igSSMinternal","s00igSSMinternal"
"Service Accounts","s00igPolicy","s00igPolicy"
"Service Accounts","s00igDirAdmin","s00igDirAdmin"
"Service Accounts","s00ldap_CiscoUCM","s00ldap_CiscoUCM"
"Service Accounts","s00ldap_acs","s00ldap_acs"
"Service Accounts","svc_admt_target","svc_admt_target"
"Service Accounts","svc_emm","svc_emm"
"Service Accounts","svc_corpsqldev","svc_corpsqldev"
"Service Accounts","svc_corpscanner","svc_corpscanner"
"Service Accounts","svc_sqlforefront","svc_sqlforefront"
"Service Accounts","svc_scanner","svc_scanner"
"Service Accounts","svc_uperform","svc_uperform"
"Service Accounts","svc_corpexch","svc_corpexch"
"Service Accounts","svc_cvlt","svc_cvlt"
"Service Accounts","svc_CA","svc_CA"
"Service Accounts","svc_ldap_psoft_prod","svc_ldap_psoft_prod"
"Service Accounts","svc_ldap_psoft_dev","svc_ldap_psoft_dev"
"Service Accounts","svc_LDAP","svc_LDAP"
"Service Accounts","svc_spups_devqa","svc_spups_devqa"
"Service Accounts","svc_spsetup_devqa","svc_spsetup_devqa"
"Service Accounts","svc_spservice_devqa","svc_spservice_devqa"
"Service Accounts","svc_spsearch_devqa","svc_spsearch_devqa"
"Service Accounts","svc_spsandbox_devqa","svc_spsandbox_devqa"
"Service Accounts","svc_spfsearch_devqa","svc_spfsearch_devqa"
"Service Accounts","svc_spfarm_devqa","svc_spfarm_devqa"
"Service Accounts","svc_spcontent_devqa","svc_spcontent_devqa"
"Service Accounts","svc_spapppool_devqa","svc_spapppool_devqa"
"Service Accounts","svc_spups","svc_spups"
"Service Accounts","svc_spsetup","svc_spsetup"
"Service Accounts","svc_spservice","svc_spservice"
"Service Accounts","svc_spsearch","svc_spsearch"
"Service Accounts","svc_spsandbox","svc_spsandbox"
"Service Accounts","svc_spfsearch","svc_spfsearch"
"Service Accounts","svc_spfarm","svc_spfarm"
"Service Accounts","svc_spcontent","svc_spcontent"
"Service Accounts","svc_spapppool","svc_spapppool"
"Service Accounts","svc_corpsqldba","svc_corpsqldba"
"Service Accounts","svc_adlds","svc_adlds"
"Service Accounts","svc_sccm","svc_sccm"
