"Project Name","Group Name","Name","NTAccountName","Email"
"GW_CLAIMCENTER","Project Administrators","Mettubavi, Sakthi","CORP\smettub",""
"GW_CLAIMCENTER","Project Administrators","Ma, Hannah","CORP\syshma","Hannah.Ma@tmnas.com"
"RapidSure","Build Services","s01jenkins","CORP\s01jenkins",""
"RapidSure","Project Administrators","Sreedharan, Kavitha","CORP\ksreedha","Kavitha.Sreedharan@tmnas.com"
"RapidSure","Project Administrators","Belotserkovskaya, Svetlana",,"Svetlana.Belotserkovskaya@tmnas.com"
"RapidSure","Contributors","Jagiasi, Sunil","CORP\sjagiasi","Sunil.Jagiasi@corp.tmnas.com"
"RapidSure","Contributors","Mani, Payman",,""
"RapidSure","Contributors","Java Developers",,"JavaDevelopers@corp.tmnas.com"
"RapidSure","Contributors","Paulse, Carl","CORP\cpaulse","Carl.Paulse@sapiens.com"
"RapidSure","Contributors","Ha, Lee","CORP\leeha",""
"RapidSure","Contributors","Khan, Wasim","CORP\wkhan","Wasim.Khan@corp.tmnas.com"
"PATH","Project Administrators","Lynch, Scott","CORP\syslyc","Scott.Lynch@tmnas.com"
"PATH","Readers","QA Team",,"QATeam@corp.tmnas.com"
"PATH","Contributors","PATH TEAM",,"PATHTEAM@corp.tmnas.com"
"PATH","Contributors","PathNet Dev",,""
"CVEXTERNAL","Readers","s01jenkins","CORP\s01jenkins",""
"CVEXTERNAL","Build Services","s01jenkins","CORP\s01jenkins",""
"CVEXTERNAL","Project Administrators","Sreedharan, Kavitha","CORP\ksreedha","Kavitha.Sreedharan@tmnas.com"
"CVEXTERNAL","Project Administrators","Belotserkovskaya, Svetlana",,"Svetlana.Belotserkovskaya@tmnas.com"
"CVEXTERNAL","Contributors","Henry, Andrew","CORP\ahenry","Andrew.Henry@tmnas.com"
"CVEXTERNAL","Contributors","Java Developers",,"JavaDevelopers@corp.tmnas.com"
"GW_CONTACTMANAGER","Project Administrators","Mettubavi, Sakthi","CORP\smettub",""
"GW_CONTACTMANAGER","Project Administrators","Ma, Hannah","CORP\syshma","Hannah.Ma@tmnas.com"
"PHLY RELOADED","Project Administrators","Belotserkovskaya, Svetlana",,"Svetlana.Belotserkovskaya@tmnas.com"
"PHLY RELOADED","Project Administrators","Shulman, Igor","CORP\ischulma","Igor.Shulman@tmnas.com"
"PHLY RELOADED","Contributors","Popolano, Jonathan","CORP\jpopolan","Jonathan.Popolano@tmnas.com"
"PHLY RELOADED","Contributors","Yamona, John","CORP\jyamona","John.Yamona@tmnas.com"
"PHLY RELOADED","Contributors","Golovnya, Vitaliy","CORP\vgolovny","Vitaliy.Golovnya@tmnas.com"
"PHLY RELOADED","Contributors","Smolyansky, Yelena",,"Yelena.Smolyansky@tmnas.com"
"PHLY RELOADED","Contributors","CHERNYAEV, DMITRY","CORP\dcherny","Dmitry.Chernyaev@tmnas.com"
"PHLY RELOADED","Contributors","NOSIK, ALEXEY","CORP\anosik","Alexey.Nosik@tmnas.com"
"PHLY RELOADED","Contributors","Enterprise Architecture",,"EnterpriseArchitecture@corp.tmnas.com"
"PHLY RELOADED","Contributors","Bond, Ronald","CORP\sysbon","Ronald.Bond@tmnas.com"
"PHLY RELOADED","Contributors","Guerzini, Lori","CORP\sysgue","Lori.Guerzini@tmnas.com"
"ACTUARIAL_DEV_SUPPORT","Contributors","Segal, Stella","CORP\ssegal","Stella.Segal@tmnas.com"
"ACTUARIAL_DEV_SUPPORT","Contributors","Godfrey, Erik","CORP\sysgod","Erik.Godfrey@tmnas.com"
"ACTUARIAL_DEV_SUPPORT","Contributors","Yang, Jeannette",,"Jeannette.Yang@tmnas.com"
"ACTUARIAL_DEV_SUPPORT","Contributors","Segal, Stella","CORP\ssegal","SSegal@phlyins.com"
"ACTUARIAL_DEV_SUPPORT","Contributors","Godfrey, Erik","CORP\sysgod","EGodfrey@phlyins.com"
"ACTUARIAL_DEV_SUPPORT","Contributors","Yang, Jeannette",,"JYang@phlyins.com"
"ACTUARIAL_DEV_SUPPORT","Project Administrators","Evers, William","CORP\wevers","William.Evers@tmnas.com"
"ACTUARIAL_DEV_SUPPORT","Project Administrators","Fiorentino, Harry","CORP\hfiorent","Harry.Fiorentino@tmnas.com"
"ACTUARIAL_DEV_SUPPORT","Project Administrators","Breisch, Steve",,"Steve.Breisch@tmnas.com"
"ACTUARIAL_DEV_SUPPORT","Project Administrators","Godfrey, Erik","CORP\sysgod","Erik.Godfrey@tmnas.com"
"ACTUARIAL_DEV_SUPPORT","Project Administrators","Breisch, Steve",,"SBreisch@phlyins.com"
"ACTUARIAL_DEV_SUPPORT","Project Administrators","Bond, Ronald","CORP\sysbon","Ronald.Bond@tmnas.com"
"DATABASE_SERVICES","Contributors","Quality Assurance",,""
"DATABASE_SERVICES","Contributors","Quality Assurance",,""
"DATABASE_SERVICES","Project Administrators","Bond, Ronald","CORP\sysbon","Ronald.Bond@tmnas.com"
"EXTERNAL_MARKETING","Project Administrators","Belotserkovskaya, Svetlana",,"Svetlana.Belotserkovskaya@tmnas.com"
"EXTERNAL_MARKETING","Project Administrators","Shulman, Igor","CORP\ischulma","Igor.Shulman@tmnas.com"
"EXTERNAL_MARKETING","Contributors","Popolano, Jonathan","CORP\jpopolan","Jonathan.Popolano@tmnas.com"
"EXTERNAL_MARKETING","Contributors","Yamona, John","CORP\jyamona","John.Yamona@tmnas.com"
"EXTERNAL_MARKETING","Contributors","Guerzini, Lori","CORP\sysgue","Lori.Guerzini@tmnas.com"
"DEMO","Project Administrators","Bond, Ronald","CORP\sysbon","Ronald.Bond@tmnas.com"
"QUOTING SERVICES","Project Administrators","Sreedharan, Kavitha","CORP\ksreedha","Kavitha.Sreedharan@tmnas.com"
"QUOTING SERVICES","Project Administrators","Belotserkovskaya, Svetlana",,"Svetlana.Belotserkovskaya@tmnas.com"
"QUOTING SERVICES","Contributors","Henry, Andrew","CORP\ahenry","Andrew.Henry@tmnas.com"
"QUOTING SERVICES","Contributors","YADAV, ADESH","CORP\ayadav",""
"QUOTING SERVICES","Contributors","NOSIK, ALEXEY","CORP\anosik","Alexey.Nosik@tmnas.com"
"QUOTING SERVICES","Contributors","Shulman, Igor","CORP\ischulma","Igor.Shulman@tmnas.com"
"ACTUARIAL_SERVICES","Project Administrators","Sadwin, Stuart","CORP\corsad","Stuart.Sadwin@tmnas.com"
"ACTUARIAL_SERVICES","Project Administrators","Bond, Ronald","CORP\sysbon","Ronald.Bond@tmnas.com"
"ACTUARIAL_SERVICES","Contributors","Kachev, Daria","CORP\dkachev","Daria.Kachev@tmnas.com"
"ACTUARIAL_SERVICES","Contributors","Manilov, Steve","CORP\smanilov","Steve.Manilov@tmnas.com"
"ACTUARIAL_SERVICES","Contributors","Sadwin, Stuart","CORP\corsad","Stuart.Sadwin@tmnas.com"
"ACTUARIAL_SERVICES","Contributors","Mangiaracina, Justin","CORP\accman","Justin.Mangiaracina@tmnas.com"
"ACTUARIAL_SERVICES","Contributors","DeGeorge, Brian","CORP\cordeg","Brian.DeGeorge@tmnas.com"
"PHLY_WAREHOUSE","Contributors","Grinberg, Alex","CORP\agrinber","Alex.Grinberg@tmnas.com"
"PHLY_WAREHOUSE","Contributors","Corporate Reporting",,"CorporateReporting@corp.tmnas.com"
"PHLY_WAREHOUSE","Contributors","Data Warehousing",,"DataWarehousing@corp.tmnas.com"
"PHLY_WAREHOUSE","Project Administrators","Humphry, James","CORP\syshum","James.Humphry@tmnas.com"
"PHLY_WAREHOUSE","Project Administrators","Hayes, David","CORP\syshay","David.Hayes@tmnas.com"
"INTEGRATION","Project Administrators","Ma, Hannah","CORP\syshma","Hannah.Ma@tmnas.com"
"INTEGRATION","Readers","Schulz, Denise","CORP\sysscu","Denise.Schulz@tmnas.com"
"INTEGRATION","Readers","Forbes, Dot",,"Dot.Forbes@tmnas.com"
"INTEGRATION","Readers","Curry, Jo",,"Jo.Curry@tmnas.com"
"INTEGRATION","Contributors","Nagarajan, Rajesh","CORP\rnagaraj","Rajesh.Nagarajan@tmnas.com"
"INTEGRATION","Contributors","Vilpan, Arkady","CORP\avilpan",""
"INTEGRATION","Contributors","Mukka, Jayakrishna","CORP\jmukka","Jayakrishna.Mukka@tmnas.com"
"INTEGRATION","Contributors","Tukuntla, Nandakishore","CORP\ntukunt","Nandakishore.Tukuntla@tmnas.com"
"INTEGRATION","Contributors","Kumar, Dhanesh","CORP\dkumar","Dhanesh.Kumar@tmnas.com"
"INTEGRATION","Contributors","Bomma, Murali","CORP\mbomma","Murali.Bomma@tmnas.com"
"INTEGRATION","Contributors","Gururajan, Prabhu","CORP\pguruaji","Prabhu.Gururajan@tmnas.com"
"INTEGRATION","Contributors","Raamaswamy, Gurumoorthy","CORP\graamasw","Gurumoorthy.Raamaswamy@tmnas.com"
"INTEGRATION","Contributors","Singh, Ashwani","CORP\singha","Ashwani.Singh@tmnas.com"
"INTEGRATION","Contributors","Bommidi, John","CORP\jbommidi",""
"INTEGRATION","Contributors","Joshi, Tanvi","CORP\tjoshi",""
"INTEGRATION","Contributors","Mandal, Amit","CORP\amandel","Amit.Mandal@tmnas.com"
"INTEGRATION","Contributors","Mazumdar, Sandip","CORP\sysmaz","Sandip.Mazumdar@tmnas.com"
"INTEGRATION","Contributors","Ma, Hannah","CORP\syshma","Hannah.Ma@tmnas.com"
"INTEGRATION","Contributors","Miller, Matthew",,"Matthew.Miller@tmnas.com"
"INTEGRATION","Contributors","Knight, Thomas",,"Thomas.Knight@tmnas.com"
"INTEGRATION","Contributors","Irudayaraj, Dharmaraj","CORP\sysiru","Dharmaraj.Irudayaraj@tmnas.com"
"INTEGRATION","Contributors","Herbst, Linda","CORP\sysher","Linda.Herbst@tmnas.com"
"INTEGRATION","Contributors","Jones, Douglas","CORP\sysjon","Douglas.Jones@tmnas.com"
"INTEGRATION","Contributors","Yakkati, Seetharami",,"Seetharami.Yakkati@tmnas.com"
"INTEGRATION","Contributors","Kalyuta, Roman","CORP\syskal",""
"INTEGRATION","Contributors","Jeyasingh, Rexon","CORP\sysjey","Rexon.Jeyasingh@tmnas.com"
"PATHNET2","Contributors","Unassigned",,""
"PATHNET2","Project Administrators","Lynch, Scott","CORP\syslyc","Scott.Lynch@tmnas.com"
"PATHNET2","Project Administrators","Lynch, Scott","CORP\syslyc","SLynch@phlyins.com"
"INTERFACE","Readers","Interface Team",,"InterfaceTeam@corp.tmnas.com"
"INTERFACE","Readers","Enterprise Architecture",,"EnterpriseArchitecture@corp.tmnas.com"
"INTERFACE","Readers","Mazumdar, Sandip","CORP\sysmaz","Sandip.Mazumdar@tmnas.com"
"INTERFACE","Readers","Irudayaraj, Dharmaraj","CORP\sysiru","Dharmaraj.Irudayaraj@tmnas.com"
"INTERFACE","Readers","Jeyasingh, Rexon","CORP\sysjey","Rexon.Jeyasingh@tmnas.com"
"INTERFACE","Readers","Interface Team",,"InterfaceTeam@phlyins.com"
"INTERFACE","Readers","Enterprise Architecture",,"EnterpriseArchitecture@phlyins.com"
"INTERFACE","Project Administrators","Ma, Hannah","CORP\syshma","Hannah.Ma@tmnas.com"
"INTERFACE","Contributors","Nagarajan, Rajesh","CORP\rnagaraj","Rajesh.Nagarajan@tmnas.com"
"INTERFACE","Contributors","Vilpan, Arkady","CORP\avilpan",""
"INTERFACE","Contributors","Mukka, Jayakrishna","CORP\jmukka","Jayakrishna.Mukka@tmnas.com"
"INTERFACE","Contributors","Tukuntla, Nandakishore","CORP\ntukunt","Nandakishore.Tukuntla@tmnas.com"
"INTERFACE","Contributors","Kumar, Dhanesh","CORP\dkumar","Dhanesh.Kumar@tmnas.com"
"INTERFACE","Contributors","Bomma, Murali","CORP\mbomma","Murali.Bomma@tmnas.com"
"INTERFACE","Contributors","Gururajan, Prabhu","CORP\pguruaji","Prabhu.Gururajan@tmnas.com"
"INTERFACE","Contributors","Raamaswamy, Gurumoorthy","CORP\graamasw","Gurumoorthy.Raamaswamy@tmnas.com"
"INTERFACE","Contributors","Singh, Ashwani","CORP\singha","Ashwani.Singh@tmnas.com"
"INTERFACE","Contributors","Bommidi, John","CORP\jbommidi",""
"INTERFACE","Contributors","Smolyansky, Yelena",,"Yelena.Smolyansky@tmnas.com"
"INTERFACE","Contributors","Mandal, Amit","CORP\amandel","Amit.Mandal@tmnas.com"
"INTERFACE","Contributors","Quinn, Matthew",,""
"INTERFACE","Contributors","Lynch, Scott","CORP\syslyc","Scott.Lynch@tmnas.com"
"INTERFACE","Contributors","Schekatihin, Andrew","CORP\Aschekat","Andrew.Schekatihin@tmnas.com"
"INTERFACE","Contributors","Gordon, Darryl","CORP\sysgor","Darryl.Gordon@tmnas.com"
"INTERFACE","Contributors","Herbst, Linda","CORP\sysher","Linda.Herbst@tmnas.com"
"INTERFACE","Contributors","Jones, Douglas","CORP\sysjon","Douglas.Jones@tmnas.com"
"INTERFACE","Contributors","Kalyuta, Roman","CORP\syskal",""
"PATHNET","Project Administrators","Lynch, Scott","CORP\syslyc","Scott.Lynch@tmnas.com"
"FITNESS_AND_WELLNESS","Project Administrators","Belotserkovskaya, Svetlana",,"Svetlana.Belotserkovskaya@tmnas.com"
"FITNESS_AND_WELLNESS","Project Administrators","Shulman, Igor","CORP\ischulma","Igor.Shulman@tmnas.com"
"FITNESS_AND_WELLNESS","Contributors","Popolano, Jonathan","CORP\jpopolan","Jonathan.Popolano@tmnas.com"
"FITNESS_AND_WELLNESS","Contributors","Yamona, John","CORP\jyamona","John.Yamona@tmnas.com"
"FITNESS_AND_WELLNESS","Contributors","Golovnya, Vitaliy","CORP\vgolovny","Vitaliy.Golovnya@tmnas.com"
"FITNESS_AND_WELLNESS","Contributors","CHERNYAEV, DMITRY","CORP\dcherny","Dmitry.Chernyaev@tmnas.com"
"FITNESS_AND_WELLNESS","Contributors","NOSIK, ALEXEY","CORP\anosik","Alexey.Nosik@tmnas.com"
"FITNESS_AND_WELLNESS","Contributors","Guerzini, Lori","CORP\sysgue","Lori.Guerzini@tmnas.com"
"ENTERPRISE_INTEGRATION","Contributors","Yamona, John","CORP\jyamona","John.Yamona@tmnas.com"
"ENTERPRISE_INTEGRATION","Contributors","Miller, Matthew",,"Matthew.Miller@tmnas.com"
"ENTERPRISE_INTEGRATION","Contributors","Miller, Matthew",,"MMiller@phlyins.com"
"ENTERPRISE_INTEGRATION","Project Administrators","Hart, Bill","CORP\syshar","Bill.Hart@tmnas.com"
"ENTERPRISE_INTEGRATION","Project Administrators","Hart, Bill","CORP\syshar","Bill.Hart@phly.com"
"ENTERPRISE_INTEGRATION","Project Administrators","Bond, Ronald","CORP\sysbon","Ronald.Bond@tmnas.com"
"METRIC_REPORTS","Contributors","Lynch, Scott","CORP\syslyc","Scott.Lynch@tmnas.com"
"METRIC_REPORTS","Contributors","Quality Assurance",,""
"METRIC_REPORTS","Project Administrators","Ma, Hannah","CORP\syshma","Hannah.Ma@tmnas.com"
"APPLICATION_INTEGRATION","Project Administrators","Smolyansky, Yelena",,"Yelena.Smolyansky@tmnas.com"
"APPLICATION_INTEGRATION","Project Administrators","Belotserkovskaya, Svetlana",,"Svetlana.Belotserkovskaya@tmnas.com"
"APPLICATION_INTEGRATION","Project Administrators","Mazumdar, Sandip","CORP\sysmaz","Sandip.Mazumdar@tmnas.com"
"APPLICATION_INTEGRATION","Project Administrators","Jeyasingh, Rexon","CORP\sysjey","Rexon.Jeyasingh@tmnas.com"
"APPLICATION_INTEGRATION","Contributors","Nigro, Donald","CORP\dnigro","Donald.Nigro@tmnas.com"
"APPLICATION_INTEGRATION","Contributors","Voruganti, Hareesh","CORP\hvorugan","Hareesh.Voruganti@tmnas.com"
"APPLICATION_INTEGRATION","Contributors","Sarangi, Sitikantha","CORP\ssarangi","Sitikantha.Sarangi@tmnas.com"
"APPLICATION_INTEGRATION","Contributors","Gupta, Rohit","CORP\rohgupta","Rohit.Gupta@tmnas.com"
"APPLICATION_INTEGRATION","Contributors","Petrov, Victor","CORP\vpetrov","Victor.Petrov@tmnas.com"
"APPLICATION_INTEGRATION","Contributors","TADIMETI, MANISH","CORP\mtadim","Manish.Tadimeti@tmnas.com"
"APPLICATION_INTEGRATION","Contributors","Chowdary, Sri","CORP\schowdar","Sreekanth.Jonnalagadda@tmnas.com"
"APPLICATION_INTEGRATION","Contributors","Mazumdar, Sandip","CORP\sysmaz","Sandip.Mazumdar@tmnas.com"
"APPLICATION_INTEGRATION","Contributors","Irudayaraj, Dharmaraj","CORP\sysiru","Dharmaraj.Irudayaraj@tmnas.com"
"APPLICATION_INTEGRATION","Contributors","Schardt, Jim",,"Jim.Schardt@tmnas.com"
"INTRANET_SERVICES","Project Administrators","Bond, Ronald","CORP\sysbon","Ronald.Bond@tmnas.com"
"INTRANET_SERVICES","Contributors","Danison, Laurie",,"Laurie.Danison@tmnas.com"
"INTRANET_SERVICES","Contributors","Sharepoint Services",,""
"INTRANET_SERVICES","Contributors","Sharepoint Consultants",,"SharepointConsultants@corp.tmnas.com"
"INTRANET_SERVICES","Contributors","svc_moss_setup",,""
"INTRANET_SERVICES","Contributors","Sharepoint Consultants",,"SharepointConsultants@phlyins.com"
"INTRANET_SERVICES","Contributors","Sharepoint Services",,""
"IT_PERFORMANCE_DASHBOARD","Readers","Lobman, Jeffrey","CORP\cldlob","jeff.lobman@tmnas.com"
"IT_PERFORMANCE_DASHBOARD","Project Administrators","Ma, Hannah","CORP\syshma","Hannah.Ma@tmnas.com"
"IT_PERFORMANCE_DASHBOARD","Project Administrators","Jones, Douglas","CORP\sysjon","Douglas.Jones@tmnas.com"
"IT_PERFORMANCE_DASHBOARD","Contributors","Nagarajan, Rajesh","CORP\rnagaraj","Rajesh.Nagarajan@tmnas.com"
"IT_PERFORMANCE_DASHBOARD","Contributors","Vilpan, Arkady","CORP\avilpan",""
"IT_PERFORMANCE_DASHBOARD","Contributors","Balike, Ravishankar","CORP\sysbal","Ravishankar.Balike@tmnas.com"
"IT_PERFORMANCE_DASHBOARD","Contributors","Alliance",,""
"IT_PERFORMANCE_DASHBOARD","Contributors","Ma, Hannah","CORP\syshma","Hannah.Ma@tmnas.com"
"IT_PERFORMANCE_DASHBOARD","Contributors","Lentz, Richard","CORP\syslen","Richard.Lentz@tmnas.com"
"IT_PERFORMANCE_DASHBOARD","Contributors","Knight, Thomas",,"Thomas.Knight@tmnas.com"
"IT_PERFORMANCE_DASHBOARD","Contributors","Jones, Douglas","CORP\sysjon","Douglas.Jones@tmnas.com"
"IT_PERFORMANCE_DASHBOARD","Contributors","Kalyuta, Roman","CORP\syskal",""
"WEB_SERVICES","Contributors","Popolano, Jonathan","CORP\jpopolan","Jonathan.Popolano@tmnas.com"
"WEB_SERVICES","Contributors","CHERNYAEV, DMITRY","CORP\dcherny","Dmitry.Chernyaev@tmnas.com"
"WEB_SERVICES","Contributors","NOSIK, ALEXEY","CORP\anosik","Alexey.Nosik@tmnas.com"
"WEB_SERVICES","Contributors","Guerzini, Lori","CORP\sysgue","Lori.Guerzini@tmnas.com"
"WEB_SERVICES","Readers","Sharepoint Consultants",,"SharepointConsultants@corp.tmnas.com"
"WEB_SERVICES","Project Administrators","Belotserkovskaya, Svetlana",,"Svetlana.Belotserkovskaya@tmnas.com"
"WEB_SERVICES","Project Administrators","Shulman, Igor","CORP\ischulma","Igor.Shulman@tmnas.com"
"REPORTING","Readers","Samoylo, Mark","CORP\syssam","Mark.Samoylo@tmnas.com"
"REPORTING","Readers","Lerro, Michael","CORP\inaler","Michael.Lerro@tmnas.com"
"REPORTING","Readers","Tully, Carolyn",,"Carolyn.Tully@tmnas.com"
"REPORTING","Readers","Vargas, Jason","CORP\sysvag","Jason.Vargas@tmnas.com"
"REPORTING","Readers","Janas, David","CORP\sysjan","David.Janas@tmnas.com"
"REPORTING","Readers","Kalyuta, Roman","CORP\syskal",""
"REPORTING","Contributors","Cummings, Corey","CORP\syscum","Corey.Cummings@tmnas.com"
"REPORTING","Contributors","Kelly, Terrance","CORP\syskly","Terrance.Kelly@tmnas.com"
"REPORTING","Contributors","PathNet Dev",,""
"REPORTING","Contributors","McCullough, Kara","CORP\accavi","Kara.McCullough@tmnas.com"
"REPORTING","Contributors","Data Warehousing",,"DataWarehousing@corp.tmnas.com"
"REPORTING","Contributors","Sigal, Regina","CORP\accsig","Regina.Sigal@tmnas.com"
"REPORTING","Project Administrators","Evers, William","CORP\wevers","William.Evers@tmnas.com"
"REPORTING","Project Administrators","Fiorentino, Harry","CORP\hfiorent","Harry.Fiorentino@tmnas.com"
"REPORTING","Project Administrators","Forman, Joshua","CORP\sysfom","Joshua.Forman@tmnas.com"
"REPORTING","Project Administrators","Bond, Ronald","CORP\sysbon","Ronald.Bond@tmnas.com"
"REPORTING","Project Administrators","Breisch, Steve",,"Steve.Breisch@tmnas.com"
"REPORTING","Project Administrators","Godfrey, Erik","CORP\sysgod","Erik.Godfrey@tmnas.com"
"REPORTING","Project Administrators","Lynch, Scott","CORP\syslyc","Scott.Lynch@tmnas.com"
"REPORTING","Project Administrators","Lentz, Richard","CORP\syslen","Richard.Lentz@tmnas.com"
"PUBLIC","Project Administrators","Smolyansky, Yelena",,"Yelena.Smolyansky@tmnas.com"
"PUBLIC","Project Administrators","Belotserkovskaya, Svetlana",,"Svetlana.Belotserkovskaya@tmnas.com"
"PUBLIC","Project Administrators","Shulman, Igor","CORP\ischulma","Igor.Shulman@tmnas.com"
"PUBLIC","Project Administrators","Bond, Ronald","CORP\sysbon","Ronald.Bond@tmnas.com"
"PUBLIC","Project Administrators","Lynch, Scott","CORP\syslyc","Scott.Lynch@tmnas.com"
"PUBLIC","Project Administrators","Jeyasingh, Rexon","CORP\sysjey","Rexon.Jeyasingh@tmnas.com"
"PUBLIC","Contributors","Ksenzhuk, Vitaliy","CORP\vksenzhu","Vitaliy.Ksenzhuk@tmnas.com"
"PUBLIC","Contributors","Patole, Madhavi","CORP\mpatole","Madhavi.Patole@tmnas.com"
"PUBLIC","Contributors","CHERNYAEV, DMITRY","CORP\dcherny","Dmitry.Chernyaev@tmnas.com"
"PUBLIC","Contributors","NOSIK, ALEXEY","CORP\anosik","Alexey.Nosik@tmnas.com"
"PUBLIC","Contributors","Chowdary, Sri","CORP\schowdar","Sreekanth.Jonnalagadda@tmnas.com"
"PUBLIC","Contributors","PathNet Dev",,""
"PUBLIC","Contributors","Enterprise Architecture",,"EnterpriseArchitecture@corp.tmnas.com"
"PUBLIC","Contributors","Mazumdar, Sandip","CORP\sysmaz","Sandip.Mazumdar@tmnas.com"
"PUBLIC","Contributors","Schekatihin, Andrew","CORP\Aschekat","Andrew.Schekatihin@tmnas.com"
"PUBLIC","Contributors","Yakkati, Seetharami",,"Seetharami.Yakkati@tmnas.com"
"PUBLIC","Contributors","Somchenko, Vitaliy","CORP\vsomchen","Vitaliy.Somchenko@tmnas.com"
"ENTERPRISE_DATA","Contributors","Mazumdar, Sandip","CORP\sysmaz","Sandip.Mazumdar@tmnas.com"
"ENTERPRISE_DATA","Project Administrators","Belotserkovskaya, Svetlana",,"Svetlana.Belotserkovskaya@tmnas.com"
"ENTERPRISE_DATA","Project Administrators","Ma, Hannah","CORP\syshma","Hannah.Ma@tmnas.com"
"ENTERPRISE_DATA","Project Administrators","Bond, Ronald","CORP\sysbon","Ronald.Bond@tmnas.com"
"ENTERPRISE_DATA","Project Administrators","ETL",,""
"ENTERPRISE_DATA","ETL","Hart, Bill","CORP\syshar","Bill.Hart@tmnas.com"
"ENTERPRISE_DATA","ETL","Miller, Matthew",,"Matthew.Miller@tmnas.com"
"ENTERPRISE_DATA","ETL","Knight, Thomas",,"Thomas.Knight@tmnas.com"
"ENTERPRISE_DATA","ETL","Hart, Bill","CORP\syshar","Bill.Hart@phly.com"
"ENTERPRISE_DATA","ETL","Miller, Matthew",,"MMiller@phlyins.com"
"ENTERPRISE_DATA","ETL","Knight, Thomas",,"TKnight@phlyins.com"
"APPS","Project Administrators","Ma, Hannah","CORP\syshma","Hannah.Ma@tmnas.com"
"APPS","Contributors - Dev1","Ma, Hannah","CORP\syshma","Hannah.Ma@tmnas.com"
"APPS","Contributors","Mehra, Romeo","CORP\RMehra",""
"APPS","Contributors","Kaliaperumal, Pramnath","CORP\pkaliape",""
"APPS","Contributors","Nagarajan, Rajesh","CORP\rnagaraj","Rajesh.Nagarajan@tmnas.com"
"APPS","Contributors","Vilpan, Arkady","CORP\avilpan",""
"APPS","Contributors","Gururajan, Prabhu","CORP\pguruaji","Prabhu.Gururajan@tmnas.com"
"APPS","Contributors","Bommidi, John","CORP\jbommidi",""
"APPS","Contributors","Joshi, Tanvi","CORP\tjoshi",""
"APPS","Contributors","Ejapa, Madhuri","CORP\mejapa","Madhuri.Ejapa@tmnas.com"
"APPS","Contributors","Curry, Brian","CORP\bcurry",""
"APPS","Contributors","Dandu, Sivarama","CORP\srama","Sivarama.Dandu@tmnas.com"
"APPS","Contributors","Rudolph, Brett","CORP\sysrud","Brett.Rudolph@tmnas.com"
"APPS","Contributors","Knight, Thomas",,"Thomas.Knight@tmnas.com"
"APPS","Contributors","Herbst, Linda","CORP\sysher","Linda.Herbst@tmnas.com"
"APPS","Contributors","Jones, Douglas","CORP\sysjon","Douglas.Jones@tmnas.com"
"APPS","Readers","Kheifetz, Jury","CORP\syskhe","Jury.Kheifetz@tmnas.com"
"APPS","Readers","Lynch, Scott","CORP\syslyc","Scott.Lynch@tmnas.com"
"APPS","Readers","Curry, Jo",,"Jo.Curry@tmnas.com"
"APPS","Readers","Schardt, Jim",,"Jim.Schardt@tmnas.com"
"APPS","Readers","Contributors",,""
"ENTERPRISE_ARCHITECTURE","Project Administrators","Irudayaraj, Dharmaraj","CORP\sysiru","Dharmaraj.Irudayaraj@tmnas.com"
"ENTERPRISE_ARCHITECTURE","Contributors","Enterprise Architecture",,"EnterpriseArchitecture@corp.tmnas.com"
"REINSURANCE","Project Administrators","Lynch, Scott","CORP\syslyc","Scott.Lynch@tmnas.com"
"REINSURANCE","Contributors","PathNet Dev",,""
"DOG_POUND","Project Administrators","Belotserkovskaya, Svetlana",,"Svetlana.Belotserkovskaya@tmnas.com"
"DOG_POUND","Project Administrators","Hart, Bill","CORP\syshar","Bill.Hart@tmnas.com"
"DOG_POUND","Project Administrators","Lynch, Scott","CORP\syslyc","Scott.Lynch@tmnas.com"
"DOG_POUND","Contributors","PathNet Dev",,""
"DOG_POUND","Contributors","Mazumdar, Sandip","CORP\sysmaz","Sandip.Mazumdar@tmnas.com"
"DOG_POUND","Contributors","Casey, Scott","CORP\syscas","Scott.Casey@tmnas.com"
"DOG_POUND","Contributors","Kimball, George","CORP\syskim","George.Kimball@tmnas.com"
"DOG_POUND","Contributors","Jeyasingh, Rexon","CORP\sysjey","Rexon.Jeyasingh@tmnas.com"
"PRICE_MONITOR","Project Administrators","Humphry, James","CORP\syshum","James.Humphry@tmnas.com"
"PRICE_MONITOR","Project Administrators","Hayes, David","CORP\syshay","David.Hayes@tmnas.com"
"PRICE_MONITOR","Contributors","Actuarial Support",,"ActuarialSupport@corp.tmnas.com"
"PRICE_MONITOR","Contributors","Corporate Reporting",,"CorporateReporting@corp.tmnas.com"
"PRICE_MONITOR","Contributors","Data Warehousing",,"DataWarehousing@corp.tmnas.com"
"PRICE_MONITOR","Contributors","Enterprise Architecture",,"EnterpriseArchitecture@corp.tmnas.com"
"TMNAS_ERM","Project Administrators","Scott, Brian","CORP\corsco","Brian.Scott@tmnas.com"
"TMNAS_ERM","Build Services","Swain, Daniel","CORP\dswain","Daniel.Swain@tmnas.com"
"TMNAS_ERM","Build Services","Sadwin, Stuart","CORP\corsad","Stuart.Sadwin@tmnas.com"
"TMNAS_ERM","Build Services","Falandays, Jake","CORP\jfalanda","jake.falandays@tmnas.com"
"TMNAS_ERM","Contributors","Swain, Daniel","CORP\dswain","Daniel.Swain@tmnas.com"
"TMNAS_ERM","Contributors","Sadwin, Stuart","CORP\corsad","Stuart.Sadwin@tmnas.com"
"TMNAS_ERM","Contributors","Falandays, Jake","CORP\jfalanda","jake.falandays@tmnas.com"
"TMNAS_ERM","Readers","Swain, Daniel","CORP\dswain","Daniel.Swain@tmnas.com"
"TMNAS_ERM","Readers","Sadwin, Stuart","CORP\corsad","Stuart.Sadwin@tmnas.com"
"TMNAS_ERM","Readers","Falandays, Jake","CORP\jfalanda","jake.falandays@tmnas.com"
"PAS","Readers","IT",,""
"PAS","Build Services","Service Accounts",,""
"PAS","Project Administrators","Belotserkovskaya, Svetlana",,"Svetlana.Belotserkovskaya@tmnas.com"
"PAS","Contributors","Moyer, Paul","CORP\sysmoy","Paul.Moyer@tmnas.com"
"APPLICATION_SUPPORT","Project Administrators","Bond, Ronald","CORP\sysbon","Ronald.Bond@tmnas.com"
"APPLICATION_SUPPORT","Project Administrators","Bond, Ronald","CORP\sysbon","Ronald.Bond@tmnas.com"
"APPLICATION_SUPPORT","Contributors","svc_moss_setup",,""
"TRIANGLE_BUILDER","Contributors","Yang, Jeannette",,"Jeannette.Yang@tmnas.com"
"TRIANGLE_BUILDER","Project Administrators","Evers, William","CORP\wevers","William.Evers@tmnas.com"
"TRIANGLE_BUILDER","Project Administrators","Fiorentino, Harry","CORP\hfiorent","Harry.Fiorentino@tmnas.com"
"TRIANGLE_BUILDER","Project Administrators","Breisch, Steve",,"Steve.Breisch@tmnas.com"
"TRIANGLE_BUILDER","Project Administrators","Godfrey, Erik","CORP\sysgod","Erik.Godfrey@tmnas.com"
"CMTeam","Project Administrators","Lynch, Scott","CORP\syslyc","Scott.Lynch@tmnas.com"
"CMTeam","Project Administrators","Ma, Hannah","CORP\syshma","Hannah.Ma@tmnas.com"
"PROJECT_SERVER_SSRS","Project Administrators","Taylor, Jason","CORP\systay","Jason.Taylor@tmnas.com"
"PROJECT_SERVER_SSRS","Project Administrators","Taylor, Jason","CORP\systay","Jason.Taylor@tmnas.com"
"GW_BILLINGCENTER","Project Administrators","Mettubavi, Sakthi","CORP\smettub",""
"GW_BILLINGCENTER","Project Administrators","Ma, Hannah","CORP\syshma","Hannah.Ma@tmnas.com"
"UTP","Project Administrators","Ma, Hannah","CORP\syshma","Hannah.Ma@tmnas.com"
"UTP","Readers","Hart, Bill","CORP\syshar","Bill.Hart@tmnas.com"
"UTP","Readers","Miller, Matthew",,"Matthew.Miller@tmnas.com"
"UTP","Readers","Jeyasingh, Rexon","CORP\sysjey","Rexon.Jeyasingh@tmnas.com"
"UTP","Contributors","Tukuntla, Nandakishore","CORP\ntukunt","Nandakishore.Tukuntla@tmnas.com"
"UTP","Contributors","Smolyansky, Yelena",,"Yelena.Smolyansky@tmnas.com"
"UTP","Contributors","Mazumdar, Sandip","CORP\sysmaz","Sandip.Mazumdar@tmnas.com"
"UTP","Contributors","Knight, Thomas",,"Thomas.Knight@tmnas.com"
"UTP","Contributors","Kalyuta, Roman","CORP\syskal",""
"CONTENT_REPOSITORY","Project Administrators","Belotserkovskaya, Svetlana",,"Svetlana.Belotserkovskaya@tmnas.com"
"CONTENT_REPOSITORY","Project Administrators","Shulman, Igor","CORP\ischulma","Igor.Shulman@tmnas.com"
"CONTENT_REPOSITORY","Contributors","Yamona, John","CORP\jyamona","John.Yamona@tmnas.com"
"CONTENT_REPOSITORY","Contributors","Golovnya, Vitaliy","CORP\vgolovny","Vitaliy.Golovnya@tmnas.com"
"CONTENT_REPOSITORY","Contributors","CHERNYAEV, DMITRY","CORP\dcherny","Dmitry.Chernyaev@tmnas.com"
"CONTENT_REPOSITORY","Contributors","NOSIK, ALEXEY","CORP\anosik","Alexey.Nosik@tmnas.com"
"CONTENT_REPOSITORY","Contributors","Guerzini, Lori","CORP\sysgue","Lori.Guerzini@tmnas.com"
