"Project Name","Group Name","Name","NTAccountName","Email"
"Code Testing Scrum","Code Testing Scrum Team","Bond, Ronald","CORP\sysbon","Ronald.Bond@tmnas.com"
"Code Testing Scrum","Project Administrators","Bond, Ronald","CORP\sysbon","Ronald.Bond@tmnas.com"
"Code Testing Scrum","Project Valid Users","Build Administrators",,""
"Code Testing Scrum","Project Valid Users","Readers",,""
"Code Testing Scrum","Project Valid Users","Project Administrators",,""
"Code Testing Scrum","Project Valid Users","Contributors",,""
"Collaboration_Services","Collaboration_Services Team","Bond, Ronald","CORP\sysbon","Ronald.Bond@tmnas.com"
"Collaboration_Services","Contributors","Collaboration_Services Team",,""
"Collaboration_Services","Project Administrators","Bond, Ronald","CORP\sysbon","Ronald.Bond@tmnas.com"
"Collaboration_Services","Project Administrators","Wapnitsky, Larry","CORP\lwapnits","Larry.Wapnitsky@tmnas.com"
"Collaboration_Services","Project Valid Users","Project Administrators",,""
"Collaboration_Services","Project Valid Users","Contributors",,""
"Collaboration_Services","Project Valid Users","Readers",,""
"Collaboration_Services","Project Valid Users","Build Administrators",,""
"Collaboration_Services","Project Valid Users","Collaboration_Services Team",,""
"Windows PowerShell","test","Wapnitsky, Larry","CORP\lwapnits","Larry.Wapnitsky@tmnas.com"
"Windows PowerShell","Contributors","test","CORP\testuser",""
"Windows PowerShell","Windows PowerShell Team","Sharepoint Services",,""
"Windows PowerShell","Project Valid Users","test","CORP\testuser",""
"Windows PowerShell","Project Valid Users","Readers",,""
"Windows PowerShell","Project Valid Users","Project Administrators",,""
"Windows PowerShell","Project Valid Users","Contributors",,""
"Windows PowerShell","Project Valid Users","Build Administrators",,""
"QaCB","Contributors","QaCB Team",,""
"QaCB","GW Testing Team","GW Testers",,""
"QaCB","GW Testers","Wapnitsky, Larry","CORP\lwapnits","Larry.Wapnitsky@tmnas.com"
"QaCB","QaCB Team","Tiwari, Mayank","CORP\mtiwari","Mayank.Tiwari@tmnas.com"
"QaCB","QaCB Team","Sharma, Shalini","CORP\ssharma","Shalini.Sharma@tmnas.com"
"QaCB","QaCB Team","Goyal, Rohit","CORP\rgoyal","Rohit.Goyal@tmnas.com"
"QaCB","Project Administrators","Anugonda, Hemant","CORP\sysang","Hemant.Anugonda@tmnas.com"
"QaCB","Project Valid Users","GW Testers",,""
"QaCB","Project Valid Users","Readers",,""
"QaCB","Project Valid Users","Project Administrators",,""
"QaCB","Project Valid Users","QaCB Team",,""
"QaCB","Project Valid Users","Build Administrators",,""
"QaCB","Project Valid Users","Contributors",,""
"Enterprise Application Integration","Enterprise Application Integration Team","Shaik, Abdul","CORP\abshaik","Abdul.Shaik@tmnas.com"
"Enterprise Application Integration","Enterprise Application Integration Team","Belotserkovskaya, Svetlana",,"Svetlana.Belotserkovskaya@tmnas.com"
"Enterprise Application Integration","Enterprise Application Integration Team","Jeyasingh, Rexon","CORP\sysjey","Rexon.Jeyasingh@tmnas.com"
"Enterprise Application Integration","Enterprise Application Integration Team","Voruganti, Hareesh","CORP\hvorugan","Hareesh.Voruganti@tmnas.com"
"Enterprise Application Integration","Enterprise Application Integration Team","Irudayaraj, Dharmaraj","CORP\sysiru","Dharmaraj.Irudayaraj@tmnas.com"
"Enterprise Application Integration","Enterprise Application Integration Team","Sreenivas, Venkata","CORP\vsreeniv","Venkata.Sreenivas@tmnas.com"
"Enterprise Application Integration","Project Administrators","Irudayaraj, Dharmaraj","CORP\sysiru","Dharmaraj.Irudayaraj@tmnas.com"
"Enterprise Application Integration","Project Administrators","Wapnitsky, Larry","CORP\lwapnits","Larry.Wapnitsky@tmnas.com"
"Enterprise Application Integration","Project Valid Users","Readers",,""
"Enterprise Application Integration","Project Valid Users","Build Administrators",,""
"Enterprise Application Integration","Project Valid Users","Contributors",,""
"Enterprise Application Integration","Project Valid Users","Project Administrators",,""
"Identity Access Management","Identity Access Management Team","Kitchens, Kenyetta","CORP\sysken","Kenyetta.Kitchens@tmnas.com"
"Identity Access Management","Identity Access Management Team","Wojnar, Eric","CORP\ewojnar","Eric.Wojnar@tmnas.com"
"Identity Access Management","Identity Access Management Team","Gwiazda, Joyce","CORP\cldgwi","Joyce.Gwiazda@tmnas.com"
"Identity Access Management","Identity Access Management Team","Chowdary, Sri","CORP\schowdar","Sreekanth.Jonnalagadda@tmnas.com"
"Identity Access Management","Identity Access Management Team","Oxner, Earle","CORP\eoxner","Earle.Oxner@tmnas.com"
"Identity Access Management","Project Administrators","Oxner, Earle","CORP\eoxner","Earle.Oxner@tmnas.com"
"Identity Access Management","Project Valid Users","Readers",,""
"Identity Access Management","Project Valid Users","Project Administrators",,""
"Identity Access Management","Project Valid Users","Contributors",,""
"Identity Access Management","Project Valid Users","Build Administrators",,""
