"Project Name","Group Name","Name","NTAccountName","Email"
"PAS","Webmethods Developers","ESB Team",,""
"PAS","Services Team","Yakkati, Seetharami",,"Seetharami.Yakkati@tmnas.com"
"PAS","Services Team","Ksenzhuk, Vitaliy","CORP\vksenzhu","Vitaliy.Ksenzhuk@tmnas.com"
"PAS","Services Team","Nikabadze, Nika","CORP\nnikabad","Nika.Nikabadze@tmnas.com"
"PAS","Services Team","Somchenko, Vitaliy","CORP\vsomchen","Vitaliy.Somchenko@tmnas.com"
"PAS","Services Team","Jeyasingh, Rexon","CORP\sysjey","Rexon.Jeyasingh@tmnas.com"
"PAS","Services Team","Smolyansky, Yelena",,"Yelena.Smolyansky@tmnas.com"
"PAS","Services Team","Nikolaev, Dmitriy","CORP\dnikolae","Dmitriy.Nikolaev@tmnas.com"
"PAS","ESB Team","Nigro, Donald","CORP\dnigro","Donald.Nigro@tmnas.com"
"PAS","ESB Team","Ravi, Dhinakar","CORP\dhiravi","Dhinakar.Ravi@tmnas.com"
"PAS","ESB Team","TADIMETI, MANISH","CORP\mtadim","Manish.Tadimeti@tmnas.com"
"PAS","ESB Team","Jeyasingh, Rexon","CORP\sysjey","Rexon.Jeyasingh@tmnas.com"
"PAS","ESB Team","Gupta, Rohit","CORP\rohgupta","Rohit.Gupta@tmnas.com"
"PAS","ESB Team","Chowdary, Sri","CORP\schowdar","Sreekanth.Jonnalagadda@tmnas.com"
"PAS","ESB Team","Mazumdar, Sandip","CORP\sysmaz","Sandip.Mazumdar@tmnas.com"
"PAS","Portfolio","Jeyasingh, Rexon","CORP\sysjey","Rexon.Jeyasingh@tmnas.com"
"PAS","FICOH","Belotserkovskaya, Svetlana",,"Svetlana.Belotserkovskaya@tmnas.com"
"PAS","FICOH","Jeyasingh, Rexon","CORP\sysjey","Rexon.Jeyasingh@tmnas.com"
"PAS","FICOH","Smolyansky, Yelena",,"Yelena.Smolyansky@tmnas.com"
"PAS","Contributors","Services Team",,""
"PAS","Contributors","PAS Team",,""
"PAS","Contributors","Spire Team",,""
"PAS","Contributors","FICOH",,""
"PAS","Contributors","Interface Team",,""
"PAS","Contributors","ESB Team",,""
"PAS","Contributors","Forms Team",,""
"PAS","Contributors","Portfolio",,""
"PAS","PAS Team","Guerzini, Lori","CORP\sysgue","Lori.Guerzini@tmnas.com"
"PAS","PAS Team","PAS services",,"PASservices@corp.tmnas.com"
"PAS","PAS Team","Project Administrators",,""
"PAS","PAS Team","Keller, Andrew","System.Object[]","Andrew.Keller@tmnas.com"
"PAS","PAS Team","Jeyasingh, Rexon","CORP\sysjey","Rexon.Jeyasingh@tmnas.com"
"PAS","PAS Team","Yamona, John","CORP\jyamona","John.Yamona@tmnas.com"
"PAS","PAS Team","Byreddy, Anil","CORP\abyreddy","Anil.Byreddy@tmnas.com"
"PAS","PAS Team","Shulman, Igor","CORP\ischulma","Igor.Shulman@tmnas.com"
"PAS","PAS Team","NOSIK, ALEXEY","CORP\anosik","Alexey.Nosik@tmnas.com"
"PAS","PAS Team","Mancini, Brian","CORP\insmai","Brian.Mancini@tmnas.com"
"PAS","PAS Team","Irudayaraj, Dharmaraj","CORP\sysiru","Dharmaraj.Irudayaraj@tmnas.com"
"PAS","PAS Team","Wapnitsky, Larry","CORP\lwapnits","Larry.Wapnitsky@tmnas.com"
"PAS","PAS Team","CHERNYAEV, DMITRY","CORP\dcherny","Dmitry.Chernyaev@tmnas.com"
"PAS","PAS Team","Kheifetz, Jury","CORP\syskhe","Jury.Kheifetz@tmnas.com"
"PAS","PAS Team","Henry, Andrew","CORP\ahenry","Andrew.Henry@tmnas.com"
"PAS","PAS Team","Sreedharan, Kavitha","CORP\ksreedha","Kavitha.Sreedharan@tmnas.com"
"PAS","PAS Team","Verma, Deepti","CORP\dverma","Deepti.Verma@tmnas.com"
"PAS","Interface Team","Swaminathan, Mani","CORP\mswamina","Mani.Swaminathan@tmnas.com"
"PAS","Interface Team","Jeyasingh, Rexon","CORP\sysjey","Rexon.Jeyasingh@tmnas.com"
"PAS","Interface Team","Singh, Ashwani","CORP\singha","Ashwani.Singh@tmnas.com"
"PAS","Interface Team","Knight, Thomas",,"Thomas.Knight@tmnas.com"
"PAS","Interface Team","Kumar, Dhanesh","CORP\dkumar","Dhanesh.Kumar@tmnas.com"
"PAS","Spire Team","Shaik, Abdul","CORP\abshaik","Abdul.Shaik@tmnas.com"
"PAS","Spire Team","Jeyasingh, Rexon","CORP\sysjey","Rexon.Jeyasingh@tmnas.com"
"PAS","Spire Team","Voruganti, Hareesh","CORP\hvorugan","Hareesh.Voruganti@tmnas.com"
"PAS","Spire Team","Irudayaraj, Dharmaraj","CORP\sysiru","Dharmaraj.Irudayaraj@tmnas.com"
"PAS","Spire Team","Sreenivas, Venkata","CORP\vsreeniv","Venkata.Sreenivas@tmnas.com"
"PAS","Forms Team","Jeyasingh, Rexon","CORP\sysjey","Rexon.Jeyasingh@tmnas.com"
"PAS","Project Administrators","Belotserkovskaya, Svetlana",,"Svetlana.Belotserkovskaya@tmnas.com"
"PAS","Project Administrators","Jeyasingh, Rexon","CORP\sysjey","Rexon.Jeyasingh@tmnas.com"
"PAS","Project Administrators","Smolyansky, Yelena",,"Yelena.Smolyansky@tmnas.com"
"PAS","Project Administrators","Wapnitsky, Larry","CORP\lwapnits","Larry.Wapnitsky@tmnas.com"
"PAS","Project Valid Users","Contributors",,""
"PAS","Project Valid Users","PAS Developers",,""
"PAS","Project Valid Users","PAS Team",,""
"PAS","Project Valid Users","Spire Team",,""
"PAS","Project Valid Users","FICOH",,""
"PAS","Project Valid Users","Project Administrators",,""
"PAS","Project Valid Users","Interface Team",,""
"PAS","Project Valid Users","ESB Team",,""
"PAS","Project Valid Users","Forms Team",,""
"PAS","Project Valid Users","Readers",,""
"PAS","Project Valid Users","Build Administrators",,""
"PAS","Project Valid Users","Webmethods Developers",,""
"PAS","Project Valid Users","Portfolio",,""
"Guidewire - Billing Center","Guidewire - Billing Center Team","Irudayaraj, Dharmaraj","CORP\sysiru","Dharmaraj.Irudayaraj@tmnas.com"
"Guidewire - Billing Center","Project Administrators","Sharepoint Services",,""
"Guidewire - Billing Center","Project Administrators","Ma, Hannah","CORP\syshma","Hannah.Ma@tmnas.com"
"Guidewire - Billing Center","Project Valid Users","Build Administrators",,""
"Guidewire - Billing Center","Project Valid Users","Contributors",,""
"Guidewire - Billing Center","Project Valid Users","Project Administrators",,""
"Guidewire - Billing Center","Project Valid Users","Readers",,""
"PHLYCOM_MOBILE","Contributors","PHLYCOM_MOBILE Team",,""
"PHLYCOM_MOBILE","PHLYCOM_MOBILE Team","Yamona, John","CORP\jyamona","John.Yamona@tmnas.com"
"PHLYCOM_MOBILE","Project Administrators","Yamona, John","CORP\jyamona","John.Yamona@tmnas.com"
"PHLYCOM_MOBILE","Project Valid Users","Project Administrators",,""
"PHLYCOM_MOBILE","Project Valid Users","PHLYCOM_MOBILE Team",,""
"PHLYCOM_MOBILE","Project Valid Users","Build Administrators",,""
"PHLYCOM_MOBILE","Project Valid Users","Readers",,""
"PHLYCOM_MOBILE","Project Valid Users","Contributors",,""
"Guidewire - WebAPPs","Project Administrators","Sharepoint Services",,""
"Guidewire - WebAPPs","Project Administrators","Ma, Hannah","CORP\syshma","Hannah.Ma@tmnas.com"
"Guidewire - WebAPPs","Project Valid Users","Contributors",,""
"Guidewire - WebAPPs","Project Valid Users","Build Administrators",,""
"Guidewire - WebAPPs","Project Valid Users","Project Administrators",,""
"Guidewire - WebAPPs","Project Valid Users","Readers",,""
"WMS","Contributors","WMS Team",,""
"WMS","WMS Team","Wapnitsky, Larry","CORP\lwapnits","Larry.Wapnitsky@tmnas.com"
"WMS","WMS Team","Project Administrators",,""
"WMS","Project Administrators","Belotserkovskaya, Svetlana",,"Svetlana.Belotserkovskaya@tmnas.com"
"WMS","Project Administrators","Jeyasingh, Rexon","CORP\sysjey","Rexon.Jeyasingh@tmnas.com"
"WMS","Project Administrators","Smolyansky, Yelena",,"Yelena.Smolyansky@tmnas.com"
"WMS","Project Administrators","Wapnitsky, Larry","CORP\lwapnits","Larry.Wapnitsky@tmnas.com"
"WMS","Project Valid Users","Build Administrators",,""
"WMS","Project Valid Users","WMS Team",,""
"WMS","Project Valid Users","Readers",,""
"WMS","Project Valid Users","Contributors",,""
"WMS","Project Valid Users","Project Administrators",,""
"PATH","Readers","PAS services",,"PASservices@corp.tmnas.com"
"PATH","Readers","Stefanic, Steven",,"Steven.Stefanic@tmnas.com"
"PATH","Readers","Smolyansky, Yelena",,"Yelena.Smolyansky@tmnas.com"
"PATH","Hotfix","Chow, Wayne","CORP\wchow","Wayne.Chow@tmnas.com"
"PATH","Hotfix","Lynch, Scott","CORP\syslyc","Scott.Lynch@tmnas.com"
"PATH","Hotfix","PATH TEAM",,"PATHTEAM@corp.tmnas.com"
"PATH","Hotfix","Cummings, Corey","CORP\syscum","Corey.Cummings@tmnas.com"
"PATH","Contributors","Hotfix",,""
"PATH","Contributors","itsupportteam",,""
"PATH","Contributors","PATH Team",,""
"PATH","Contributors","QA Team",,"QATeam@corp.tmnas.com"
"PATH","Contributors","Kumar, Sai","CORP\saikumar","Sai.Kumar@tmnas.com"
"PATH","Project Administrators","Chow, Wayne","CORP\wchow","Wayne.Chow@tmnas.com"
"PATH","Project Administrators","Lynch, Scott","CORP\syslyc","Scott.Lynch@tmnas.com"
"PATH","Project Administrators","Cummings, Corey","CORP\syscum","Corey.Cummings@tmnas.com"
"PATH","Project Valid Users","Readers",,""
"PATH","Project Valid Users","Hotfix",,""
"PATH","Project Valid Users","Project Administrators",,""
"PATH","Project Valid Users","Build Administrators",,""
"PATH","Project Valid Users","Contributors",,""
"PATH","Project Valid Users","PATH Team",,""
