"Group","User","Account"
"FICOH","Govindan, Srinivasan","sgovinda"
"FICOH","Lakshmaiah, Raghu","rlakshmai"
"FICOH","Navaneetham, Mahadevan","MNAVANEE"
"FICOH","Ramani, Lavanya","lramani"
"FICOH","Candalla Prasanna, Venkatesh","vprasann"
"FICOH","Rayka, Swapnil","srayka"
"FICOH","Soundarapandian, Johnson Thomas","jsoundar"
"FICOH","Harrison, Steve","sharriso"
"FICOH",,
"FICOH","Robins, Steve - FICOH","srobins"
"FICOH","Srivastava, Neeraj","nsrivast"
"FICOH","Carroll, Pete","pecarrol"
"FICOH","Gururajarao, Sundar Rajan","sgururaj"
"FICOH","Allamneni, Himabindu","hallamne"
"FICOH","Madan, Manish","mmadan"
"FICOH","Rayka, Swapnil","srayka"
"FICOH","Bala, Anand","anbala"
"FICOH",,
"FICOH",,
"FICOH",,
"FICOH","Arunkumar, Priya","parunkum"
"FICOH","MaryCharles, Punitha","pmarycha"
"FICOH","Narayanan, Ramya","rnarayan"
"FICOH","Rajendran, Arunkumar","arajendr"
"FICOH","Navaneetham, Mahadevan","MNAVANEE"
"FICOH","Natarajan, Vijayalakshmi","vnataraj"
"FICOH","Bhaskaran, Priyadarshini","pbhaskar"
"FICOH","Rajendiran, Vignesh","vrajendi"
"FICOH","Jayaraj, Prem Kumar","pjayaraj"
"FICOH","Theagarajan, Malavika","mtheagar"
"FICOH","Ramani, Lavanya","lramani"
"FICOH","Allamneni, Himabindu","hallamne"
"FICOH","Rayka, Swapnil","srayka"
"FICOH","Bala, Anand","anbala"
"FICOH",,
"FICOH",,
"FICOH","Robins, Steve - FICOH","srobins"
"FICOH","Govindan, Srinivasan","sgovinda"
"FICOH","MaryCharles, Punitha","pmarycha"
"FICOH","Sampath, Shanmugavel","ssampath"
"FICOH","Lakshmaiah, Raghu","rlakshmai"
"FICOH","Kandasamy, Vishnu","vkandasa"
"FICOH","Kumar, Udaya","ukumar"
"FICOH","Malige, Murali Krishna","mmalige"
"FICOH","Natarajan, Vijayalakshmi","vnataraj"
"FICOH","Shanmugam, Aruna","ashanmuga"
"FICOH","Ramani, Lavanya","lramani"
"FICOH","Candalla Prasanna, Venkatesh","vprasann"
"FICOH","Madan, Manish","mmadan"
"FICOH","Soundarapandian, Johnson Thomas","jsoundar"
"FICOH","Bala, Anand","anbala"
"FICOH","Harrison, Steve","sharriso"
"FICOH","Robins, Steve - FICOH","srobins"
"FICOH","Arunkumar, Priya","parunkum"
"FICOH","MaryCharles, Punitha","pmarycha"
"FICOH","Rajendran, Arunkumar","arajendr"
"FICOH","Kandasamy, Vishnu","vkandasa"
"FICOH","Kumar, Udaya","ukumar"
"FICOH","Malige, Murali Krishna","mmalige"
"FICOH","Bhaskaran, Priyadarshini","pbhaskar"
"FICOH","Shanmugam, Aruna","ashanmuga"
"FICOH","Rajendiran, Vignesh","vrajendi"
"FICOH","Jayaraj, Prem Kumar","pjayaraj"
"FICOH","Theagarajan, Malavika","mtheagar"
"FICOH","Allamneni, Himabindu","hallamne"
"FICOH","Madan, Manish","mmadan"
"FICOH","Sampath, Shanmugavel","ssampath"
"FICOH","Narayanan, Ramya","rnarayan"
"FICOH","Natarajan, Vijayalakshmi","vnataraj"
"FICOH","Gururajarao, Sundar Rajan","sgururaj"
"FICOH","Lakshmaiah, Raghu","rlakshmai"
"FICOH","Navaneetham, Mahadevan","MNAVANEE"
"FICOH","Carroll, Pete","pecarrol"
"FICOH","Ramani, Lavanya","lramani"
"FICOH","Candalla Prasanna, Venkatesh","vprasann"
"FICOH","Antal, Nipun","nantal"
"FICOH","Rayka, Swapnil","srayka"
"FICOH","Soundarapandian, Johnson Thomas","jsoundar"
"FICOH","Bala, Anand","anbala"
"FICOH","Alapati, Rajesh","ralapati"
"FICOH","Govindan, Srinivasan","sgovinda"
"FICOH","Rajendran, Arunkumar","arajendr"
"FICOH","Kandasamy, Vishnu","vkandasa"
"FICOH","Kumar, Udaya","ukumar"
"FICOH","Malige, Murali Krishna","mmalige"
"FICOH","Srivastava, Neeraj","nsrivast"
"FICOH","Bhaskaran, Priyadarshini","pbhaskar"
"FICOH","Shanmugam, Aruna","ashanmuga"
"FICOH","Rajendiran, Vignesh","vrajendi"
"FICOH","Jayaraj, Prem Kumar","pjayaraj"
"FICOH","Theagarajan, Malavika","mtheagar"
"FICOH","Allamneni, Himabindu","hallamne"
"FICOH","Madan, Manish","mmadan"
"FICOH","Robins, Steve - FICOH","srobins"
"FICOH","Malige, Murali Krishna","mmalige"
"FICOH","Srivastava, Neeraj","nsrivast"
"FICOH","Carroll, Pete","pecarrol"
"FICOH","Theagarajan, Malavika","mtheagar"
"FICOH","Allamneni, Himabindu","hallamne"
"FICOH","Madan, Manish","mmadan"
"FICOH","Awazu, Tochinori","tawazu"
"FICOH",,
"FICOH","Sampath, Shanmugavel","ssampath"
"FICOH","Narayanan, Ramya","rnarayan"
"FICOH","Natarajan, Vijayalakshmi","vnataraj"
"FICOH","Gururajarao, Sundar Rajan","sgururaj"
"Interface Team","Swaminathan, Mani","mswamina"
"Interface Team","Kumar, Ravi","kumarr"
"Interface Team","Dandu, Sivarama","srama"
"Interface Team","Mandal, Amit","amandel"
"Interface Team","Singh, Ashwani","singha"
"Interface Team","Tukuntla, Nandakishore","ntukunt"
"Interface Team","Bomma, Murali","mbomma"
"Interface Team","Kumar, Dhanesh","dkumar"
"Interface Team","Mukka, Jayakrishna","jmukka"
"Interface Team","Nagarajan, Rajesh","rnagaraj"
"Interface Team","Herbst, Linda","sysher"
"Interface Team","Knight, Tom","syskni"
"Interface Team","Ma, Hannah","syshma"
"Interface Team","Mung Au, Jennifer","sysmun"
"Portfolio","Pileggi, Elisa","epileggi"
"Portfolio","Silverman, Keri","syssil"
"Portfolio","Jean-Marc Vercruysse","vercruje"
"PAS services","Sharma, Brijesh","bsharma"
"PAS services","Sreenivas, Venkata","vsreeniv"
"PAS services","Shaik, Abdul","abshaik"
"PAS services","Ravi, Dhinakar","dhiravi"
"PAS services","Nikabadze, Nika","nnikabad"
"PAS services","Nikolaev, Dmitriy","dnikolae"
"PAS services","Somchenko, Vitaliy","vsomchen"
"PAS services","Gupta, Rohit","rohgupta"
"PAS services","Voruganti, Hareesh","hvorugan"
"PAS services","Nigro, Donald","dnigro"
"PAS services","Vasilenko, Valentin","vvasilen"
"PAS services","Ksenzhuk, Vitaliy","vksenzhu"
"PAS services","Smolyansky, Yelana","ysmoly"
"PAS services","Jeyasingh, Rexon","sysjey"
"PAS services","Yakkati, Sitaram","syakkati"
"PAS services","Kolanuvada, Rajendra","rkolan"
"PAS services","Mazumdar, Sandip","sysmaz"
"PAS services","Belotserkovsky, Lana","sysbel"
"FICOH","Govindan, Srinivasan","sgovinda"
"FICOH","Lakshmaiah, Raghu","rlakshmai"
"FICOH","Navaneetham, Mahadevan","MNAVANEE"
"FICOH","Ramani, Lavanya","lramani"
"FICOH","Candalla Prasanna, Venkatesh","vprasann"
"FICOH","Rayka, Swapnil","srayka"
"FICOH","Soundarapandian, Johnson Thomas","jsoundar"
"FICOH","Harrison, Steve","sharriso"
"FICOH",,
"FICOH","Robins, Steve - FICOH","srobins"
"FICOH","Srivastava, Neeraj","nsrivast"
"FICOH","Carroll, Pete","pecarrol"
"FICOH","Gururajarao, Sundar Rajan","sgururaj"
"FICOH","Allamneni, Himabindu","hallamne"
"FICOH","Madan, Manish","mmadan"
"FICOH","Rayka, Swapnil","srayka"
"FICOH","Bala, Anand","anbala"
"FICOH",,
"FICOH",,
"FICOH",,
"FICOH","Arunkumar, Priya","parunkum"
"FICOH","MaryCharles, Punitha","pmarycha"
"FICOH","Narayanan, Ramya","rnarayan"
"FICOH","Rajendran, Arunkumar","arajendr"
"FICOH","Navaneetham, Mahadevan","MNAVANEE"
"FICOH","Natarajan, Vijayalakshmi","vnataraj"
"FICOH","Bhaskaran, Priyadarshini","pbhaskar"
"FICOH","Rajendiran, Vignesh","vrajendi"
"FICOH","Jayaraj, Prem Kumar","pjayaraj"
"FICOH","Theagarajan, Malavika","mtheagar"
"FICOH","Ramani, Lavanya","lramani"
"FICOH","Allamneni, Himabindu","hallamne"
"FICOH","Rayka, Swapnil","srayka"
"FICOH","Bala, Anand","anbala"
"FICOH",,
"FICOH",,
"FICOH","Robins, Steve - FICOH","srobins"
"FICOH","Govindan, Srinivasan","sgovinda"
"FICOH","MaryCharles, Punitha","pmarycha"
"FICOH","Sampath, Shanmugavel","ssampath"
"FICOH","Lakshmaiah, Raghu","rlakshmai"
"FICOH","Kandasamy, Vishnu","vkandasa"
"FICOH","Kumar, Udaya","ukumar"
"FICOH","Malige, Murali Krishna","mmalige"
"FICOH","Natarajan, Vijayalakshmi","vnataraj"
"FICOH","Shanmugam, Aruna","ashanmuga"
"FICOH","Ramani, Lavanya","lramani"
"FICOH","Candalla Prasanna, Venkatesh","vprasann"
"FICOH","Madan, Manish","mmadan"
"FICOH","Soundarapandian, Johnson Thomas","jsoundar"
"FICOH","Bala, Anand","anbala"
"FICOH","Harrison, Steve","sharriso"
"FICOH","Robins, Steve - FICOH","srobins"
"FICOH","Arunkumar, Priya","parunkum"
"FICOH","MaryCharles, Punitha","pmarycha"
"FICOH","Rajendran, Arunkumar","arajendr"
"FICOH","Kandasamy, Vishnu","vkandasa"
"FICOH","Kumar, Udaya","ukumar"
"FICOH","Malige, Murali Krishna","mmalige"
"FICOH","Bhaskaran, Priyadarshini","pbhaskar"
"FICOH","Shanmugam, Aruna","ashanmuga"
"FICOH","Rajendiran, Vignesh","vrajendi"
"FICOH","Jayaraj, Prem Kumar","pjayaraj"
"FICOH","Theagarajan, Malavika","mtheagar"
"FICOH","Allamneni, Himabindu","hallamne"
"FICOH","Madan, Manish","mmadan"
"FICOH","Sampath, Shanmugavel","ssampath"
"FICOH","Narayanan, Ramya","rnarayan"
"FICOH","Natarajan, Vijayalakshmi","vnataraj"
"FICOH","Gururajarao, Sundar Rajan","sgururaj"
"FICOH","Lakshmaiah, Raghu","rlakshmai"
"FICOH","Navaneetham, Mahadevan","MNAVANEE"
"FICOH","Carroll, Pete","pecarrol"
"FICOH","Ramani, Lavanya","lramani"
"FICOH","Candalla Prasanna, Venkatesh","vprasann"
"FICOH","Antal, Nipun","nantal"
"FICOH","Rayka, Swapnil","srayka"
"FICOH","Soundarapandian, Johnson Thomas","jsoundar"
"FICOH","Bala, Anand","anbala"
"FICOH","Alapati, Rajesh","ralapati"
"FICOH","Govindan, Srinivasan","sgovinda"
"FICOH","Rajendran, Arunkumar","arajendr"
"FICOH","Kandasamy, Vishnu","vkandasa"
"FICOH","Kumar, Udaya","ukumar"
"FICOH","Malige, Murali Krishna","mmalige"
"FICOH","Srivastava, Neeraj","nsrivast"
"FICOH","Bhaskaran, Priyadarshini","pbhaskar"
"FICOH","Shanmugam, Aruna","ashanmuga"
"FICOH","Rajendiran, Vignesh","vrajendi"
"FICOH","Jayaraj, Prem Kumar","pjayaraj"
"FICOH","Theagarajan, Malavika","mtheagar"
"FICOH","Allamneni, Himabindu","hallamne"
"FICOH","Madan, Manish","mmadan"
"FICOH","Robins, Steve - FICOH","srobins"
"FICOH","Malige, Murali Krishna","mmalige"
"FICOH","Srivastava, Neeraj","nsrivast"
"FICOH","Carroll, Pete","pecarrol"
"FICOH","Theagarajan, Malavika","mtheagar"
"FICOH","Allamneni, Himabindu","hallamne"
"FICOH","Madan, Manish","mmadan"
"FICOH","Awazu, Tochinori","tawazu"
"FICOH",,
"FICOH","Sampath, Shanmugavel","ssampath"
"FICOH","Narayanan, Ramya","rnarayan"
"FICOH","Natarajan, Vijayalakshmi","vnataraj"
"FICOH","Gururajarao, Sundar Rajan","sgururaj"
"Portfolio","Pileggi, Elisa","epileggi"
"Portfolio","Silverman, Keri","syssil"
"Portfolio","Jean-Marc Vercruysse","vercruje"
"Sharepoint Services","McConnell, Tim","tmcconne"
"Sharepoint Services","Ort, Taylor","tort"
"Sharepoint Services","Sansone, Brandy","bsansone"
"Sharepoint Services","Gerhardt, Frank","fgerhard"
"Sharepoint Services","Cargo, David","dcargo"
"Sharepoint Services","John Durand","durandjo"
"Sharepoint Services","Green, Stephen","sgreen"
"Sharepoint Services","Fernandez, Rebecca","rfernand"
"Sharepoint Services","Seagraves, Michael","mseagrav"
"Sharepoint Services","Hendricks, Ryan","rhendric"
"Sharepoint Services","Friedman, Adam","friedmad"
"Sharepoint Services","Werner, Jason","jwerner"
"Sharepoint Services","DeRitis, Marisa","mderitis"
"Sharepoint Services","Michael Banales","banalemi"
"Sharepoint Services","Brett Hopp","hoppbr"
"Sharepoint Services","Danison,Laurie","ldanison"
"Sharepoint Services","Ethan Ward","WARDET"
"Sharepoint Services","Wapnitsky, Larry","lwapnits"
"Sharepoint Services","Doty, Derek","sysdot"
"Sharepoint Services","Gwiazda, Joyce","cldgwi"
"Sharepoint Services","Russo, Kevin","sysrus"
"Sharepoint Services","Hinson, Rodney","rhinson"
"Sharepoint Services","Kitchens, Kenyetta","sysken"
"Sharepoint Services","Moser, Sam","sysmos"
"Sharepoint Services","Bromley, Clayton","sysbro"
"Sharepoint Services","Sindoni, Joe","syssin"
"Sharepoint Services","Heitz, Jason","reghez"
"Sharepoint Services","Koonce, M. Charles","REGKOO"
"Sharepoint Services","Eisiminger, Helen","sysmic"
"Sharepoint Services","Bond, Ronald","sysbon"
"Sharepoint Services","Moorhead, Glenn","insmor"
"Sharepoint Services","Bowman, Steven","sbowman"
"Sharepoint Services","Tabata, Yuho","ytabata"
"Sharepoint Services","Bristow, Ian","cldbri"
"PATH TEAM","Yaqub, Kamran","kyaqub"
"PATH TEAM","Chow, Wayne","wchow"
"PATH TEAM","Cummings, Corey","syscum"
"PATH TEAM","Kumar, Sai","saikumar"
"PATH TEAM","Lynch, Scott","syslyc"
"itsupportteam","Masterson, Thomas","sysmst"
"itsupportteam","McKnight, Cheryl","cldmci"
"itsupportteam","Leyrer, Richard","cldley"
"itsupportteam","Smith, Renee","cldsmi"
"itsupportteam","King, Charmagne","inskin"
"itsupportteam","Costanzo, Anthony","syscot"
"itsupportteam","McWhite, Patricia","pmcwhite"
"QA Team","Rahman, Mohammad","mrahman"
"QA Team","Korotkikh, Alina","akorotki"
"QA Team","Metla, Ramadas","rmetla"
"QA Team","Kumar, Deepika","dekumar"
"QA Team","Tiwari, Mayank","mtiwari"
"QA Team","Morgan, Colby","cmorgan"
"QA Team","Ayyavoo, Karthikeyan","kayyavoo"
"QA Team","Kalakota, Madhupriya","mkalakot"
"QA Team","Sharma, Shalini","ssharma"
"QA Team","Galla,Shankar","sgall"
"QA Team","Lohit, Karishma","klohit"
"QA Team","Kamaraj, Preethi","pkamara"
"QA Team","Kottha, Lava","lkottha"
"QA Team","Broadley, Taylor","tbroadle"
"QA Team","Goyal, Rohit","rgoyal"
"QA Team","Arora, Barkha","barora"
"QA Team","Khanduri, Rakesh","rkhandur"
"QA Team","Shaik, Allabaksh","ashaik"
"QA Team","Belal, Bma","bbelal"
"QA Team","George, Sanju","sgeorge"
"QA Team","Nasreen, Shabi","snasreen"
"QA Team","Ahuja, Yukti","yahuja"
"QA Team","Verma, Deepti","dverma"
"QA Team","Gazi, Mohiuddin","mgazi"
"QA Team","Karikeshamma, Ambika","akarikes"
"QA Team","Afshan, Moud","mafshan"
"QA Team","Bavisetti, Lalitha","lbaviset"
"QA Team","Jain, Anuj","anujj"
"QA Team","Deol, Kapil","kdeol"
"QA Team","Bhandari, Anu","abhandar"
"QA Team","Pundir, Rohit","rpundir"
"QA Team","Pal, Debaleena","debpal"
"QA Team","Manam, Satish","smanam"
"QA Team","Karakavalasa, Neveen","nkarakav"
"QA Team","Grimes, Eileen","ewalsh"
"QA Team","Perea, Ancuta","cldnis"
"QA Team","Badvelu, Anith","cldbad"
"QA Team","Corbett, Benjamin","bcorbett"
"QA Team","Soisson, Todd","tsoisson"
"QA Team","Anugonda, Hemant","sysang"
"QA Team","Kheifetz, Jury","syskhe"
