"Group","User","Account"
"g03FICOHGuideWireDevelopers","Alapati, Rajesh","ralapati"
"g03FICOHGuideWireDevelopers","Govindan, Srinivasan","sgovinda"
"g03FICOHGuideWireDevelopers","Rk, Dinesh","drk"
"g03FICOHGuideWireDevelopers","Rajendran, Arunkumar","arajendr"
"g03FICOHGuideWireDevelopers","Kandasamy, Vishnu","vkandasa"
"g03FICOHGuideWireDevelopers","Kumar, Udaya","ukumar"
"g03FICOHGuideWireDevelopers","Malige, Murali Krishna","mmalige"
"g03FICOHGuideWireDevelopers","Srivastava, Neeraj","nsrivast"
"g03FICOHGuideWireDevelopers","Bhaskaran, Priyadarshini","pbhaskar"
"g03FICOHGuideWireDevelopers","Shanmugam, Aruna","ashanmuga"
"g03FICOHGuideWireDevelopers","Rajendiran, Vignesh","vrajendi"
"g03FICOHGuideWireDevelopers","Jayaraj, Prem Kumar","pjayaraj"
"g03FICOHGuideWireDevelopers","Theagarajan, Malavika","mtheagar"
"g03FICOHGuideWireDevelopers","Allamneni, Himabindu","hallamne"
"g03FICOHGuideWireDevelopers","Madan, Manish","mmadan"
"g03FICOHGuideWireBuildMasters","Robins, Steve - FICOH","srobins"
"g03FICOHGuideWireBuildMasters","Malige, Murali Krishna","mmalige"
"g03FICOHGuideWireBuildMasters","Srivastava, Neeraj","nsrivast"
"g03FICOHGuideWireBuildMasters","Theagarajan, Malavika","mtheagar"
"g03FICOHGuideWireBuildMasters","Allamneni, Himabindu","hallamne"
"g03FICOHGuideWireBuildMasters","Madan, Manish","mmadan"
