"Project Name","Group Name","Name","NTAccountName","Email"
"Guidewire - ContactManager","Guidewire - ContactManager Team","g03FICOHGuideWireDevelopers",,""
"Guidewire - ContactManager","Readers","s03app_GWJBoss","CORP\s03app_GWJBoss",""
"Guidewire - ContactManager","Project Administrators","Allamneni, Himabindu","CORP\hallamne","Himabindu.Allamneni@tmnas.com"
"Guidewire - ContactManager","Project Administrators","Theagarajan, Malavika","CORP\mtheagar","Malavika.Theagarajan@tmnas.com"
"Guidewire - ContactManager","Project Administrators","Chowdary, Sri","CORP\schowdar","Sreekanth.Jonnalagadda@tmnas.com"
"Guidewire - ContactManager","Project Administrators","Madan, Manish","CORP\mmadan","Manish.Madan@tmnas.com"
"Guidewire - ContactManager","Project Administrators","Oxner, Earle","CORP\eoxner","Earle.Oxner@tmnas.com"
"Guidewire - ContactManager","Project Valid Users","Contributors",,""
"Guidewire - ContactManager","Project Valid Users","Readers",,""
"Guidewire - ContactManager","Project Valid Users","Project Administrators",,""
"Guidewire - ContactManager","Project Valid Users","Build Administrators",,""
"Guidewire - Support","Contributors","g03FICOHGuideWireDevelopers",,""
"Guidewire - Support","Guidewire - Support Team","Bond, Ronald","CORP\sysbon","Ronald.Bond@tmnas.com"
"Guidewire - Support","Project Administrators","Bond, Ronald","CORP\sysbon","Ronald.Bond@tmnas.com"
"Guidewire - Support","Project Administrators","g03FICOHGuideWireBuildMasters",,""
"Guidewire - Support","Project Administrators","Oxner, Earle","CORP\eoxner","Earle.Oxner@tmnas.com"
"Guidewire - Support","Project Valid Users","Contributors",,""
"Guidewire - Support","Project Valid Users","Build Administrators",,""
"Guidewire - Support","Project Valid Users","Readers",,""
"Guidewire - Support","Project Valid Users","Project Administrators",,""
"PSRCC Service Layer","Contributors","g03FICOHGuideWireDevelopers",,""
"PSRCC Service Layer","PSRCC Service Layer Team","Bond, Ronald","CORP\sysbon","Ronald.Bond@tmnas.com"
"PSRCC Service Layer","PSRCC Service Layer Team","Kumar, Udaya","CORP\ukumar","Udaya.Kumar@tmnas.com"
"PSRCC Service Layer","PSRCC Service Layer Team","Govindan, Srinivasan","CORP\sgovinda","Srinivasan.Govindan@tmnas.com"
"PSRCC Service Layer","Project Administrators","Bond, Ronald","CORP\sysbon","Ronald.Bond@tmnas.com"
"PSRCC Service Layer","Project Administrators","g03FICOHGuideWireBuildMasters",,""
"PSRCC Service Layer","Project Administrators","Oxner, Earle","CORP\eoxner","Earle.Oxner@tmnas.com"
"PSRCC Service Layer","Project Valid Users","Build Administrators",,""
"PSRCC Service Layer","Project Valid Users","Contributors",,""
"PSRCC Service Layer","Project Valid Users","Project Administrators",,""
"PSRCC Service Layer","Project Valid Users","Readers",,""
"Guidewire - ClaimCenter","Guidewire - ClaimCenter Team","Alapati, Rajesh","CORP\ralapati","Rajesh.Alapati@tmnas.com"
"Guidewire - ClaimCenter","Guidewire - ClaimCenter Team","Govindan, Srinivasan","CORP\sgovinda","Srinivasan.Govindan@tmnas.com"
"Guidewire - ClaimCenter","Guidewire - ClaimCenter Team","Wapnitsky, Larry","CORP\lwapnits","Larry.Wapnitsky@tmnas.com"
"Guidewire - ClaimCenter","Guidewire - ClaimCenter Team","g03FICOHGuideWireDevelopers",,""
"Guidewire - ClaimCenter","Guidewire - ClaimCenter Team","Robins, Steve",,"Steve.Robins@tmnas.com"
"Guidewire - ClaimCenter","Readers","s03app_GWJBoss","CORP\s03app_GWJBoss",""
"Guidewire - ClaimCenter","Project Administrators","Allamneni, Himabindu","CORP\hallamne","Himabindu.Allamneni@tmnas.com"
"Guidewire - ClaimCenter","Project Administrators","Theagarajan, Malavika","CORP\mtheagar","Malavika.Theagarajan@tmnas.com"
"Guidewire - ClaimCenter","Project Administrators","Wapnitsky, Larry","CORP\lwapnits","Larry.Wapnitsky@tmnas.com"
"Guidewire - ClaimCenter","Project Administrators","Chowdary, Sri","CORP\schowdar","Sreekanth.Jonnalagadda@tmnas.com"
"Guidewire - ClaimCenter","Project Administrators","Madan, Manish","CORP\mmadan","Manish.Madan@tmnas.com"
"Guidewire - ClaimCenter","Project Administrators","Oxner, Earle","CORP\eoxner","Earle.Oxner@tmnas.com"
"Guidewire - ClaimCenter","Project Valid Users","Readers",,""
"Guidewire - ClaimCenter","Project Valid Users","Project Administrators",,""
"Guidewire - ClaimCenter","Project Valid Users","Build Administrators",,""
"Guidewire - ClaimCenter","Project Valid Users","Contributors",,""
