"Project Name","Group Name","Name","NTAccountName","Email"
"Guidewire - ClaimCenter","Guidewire - ClaimCenter Team","Wapnitsky, Larry","CORP\lwapnits","Larry.Wapnitsky@tmnas.com"
"Guidewire - ClaimCenter","Guidewire - ClaimCenter Team","g03FICOHGuideWireDevelopers",,""
"Guidewire - ClaimCenter","Readers","s03app_GWJBoss","CORP\s03app_GWJBoss",""
"Guidewire - ClaimCenter","Project Administrators","Allamneni, Himabindu","CORP\hallamne","Himabindu.Allamneni@tmnas.com"
"Guidewire - ClaimCenter","Project Administrators","Theagarajan, Malavika","CORP\mtheagar","Malavika.Theagarajan@tmnas.com"
"Guidewire - ClaimCenter","Project Administrators","Wapnitsky, Larry","CORP\lwapnits","Larry.Wapnitsky@tmnas.com"
"Guidewire - ClaimCenter","Project Administrators","Chowdary, Sri","CORP\schowdar","Sreekanth.Jonnalagadda@tmnas.com"
"Guidewire - ClaimCenter","Project Administrators","Madan, Manish","CORP\mmadan","Manish.Madan@tmnas.com"
"Guidewire - ClaimCenter","Project Administrators","Oxner, Earle","CORP\eoxner","Earle.Oxner@tmnas.com"
"Guidewire - ClaimCenter","Project Valid Users","Readers",,""
"Guidewire - ClaimCenter","Project Valid Users","Project Administrators",,""
"Guidewire - ClaimCenter","Project Valid Users","Build Administrators",,""
"Guidewire - ClaimCenter","Project Valid Users","Contributors",,""
