"Group","User","Account"
"Interface Team","Swaminathan, Mani","mswamina"
"Interface Team","Kumar, Ravi","kumarr"
"Interface Team","Dandu, Sivarama","srama"
"Interface Team","Mandal, Amit","amandel"
"Interface Team","Singh, Ashwani","singha"
"Interface Team","Tukuntla, Nandakishore","ntukunt"
"Interface Team","Bomma, Murali","mbomma"
"Interface Team","Kumar, Dhanesh","dkumar"
"Interface Team","Mukka, Jayakrishna","jmukka"
"Interface Team","Herbst, Linda","sysher"
"Interface Team","Knight, Tom","syskni"
"Interface Team","Ma, Hannah","syshma"
"Interface Team","Mung Au, Jennifer","sysmun"
"PAS services","Sreenivas, Venkata","vsreeniv"
"PAS services","Shaik, Abdul","abshaik"
"PAS services","Ravi, Dhinakar","dhiravi"
"PAS services","Nikabadze, Nika","nnikabad"
"PAS services","Nikolaev, Dmitriy","dnikolae"
"PAS services","Somchenko, Vitaliy","vsomchen"
"PAS services","Gupta, Rohit","rohgupta"
"PAS services","Voruganti, Hareesh","hvorugan"
"PAS services","Nigro, Donald","dnigro"
"PAS services","Vasilenko, Valentin","vvasilen"
"PAS services","Ksenzhuk, Vitaliy","vksenzhu"
"PAS services","Smolyansky, Yelana","ysmoly"
"PAS services","Jeyasingh, Rexon","sysjey"
"PAS services","Yakkati, Sitaram","syakkati"
"PAS services","Mazumdar, Sandip","sysmaz"
"PAS services","Belotserkovsky, Lana","sysbel"
"Sharepoint Services","McConnell, Tim","tmcconne"
"Sharepoint Services","Ort, Taylor","tort"
"Sharepoint Services","Sansone, Brandy","bsansone"
"Sharepoint Services","Gerhardt, Frank","fgerhard"
"Sharepoint Services","Cargo, David","dcargo"
"Sharepoint Services","John Durand","durandjo"
"Sharepoint Services","Green, Stephen","sgreen"
"Sharepoint Services","Fernandez, Rebecca","rfernand"
"Sharepoint Services","Seagraves, Michael","mseagrav"
"Sharepoint Services","Hendricks, Ryan","rhendric"
"Sharepoint Services","Friedman, Adam","friedmad"
"Sharepoint Services","Werner, Jason","jwerner"
"Sharepoint Services","DeRitis, Marisa","mderitis"
"Sharepoint Services","Michael Banales","banalemi"
"Sharepoint Services","Brett Hopp","hoppbr"
"Sharepoint Services","Danison,Laurie","ldanison"
"Sharepoint Services","Ethan Ward","WARDET"
"Sharepoint Services","Wapnitsky, Larry","lwapnits"
"Sharepoint Services","Doty, Derek","sysdot"
"Sharepoint Services","Russo, Kevin","sysrus"
"Sharepoint Services","Gwiazda, Joyce","cldgwi"
"Sharepoint Services","Hinson, Rodney","rhinson"
"Sharepoint Services","Bromley, Clayton","sysbro"
"Sharepoint Services","Kitchens, Kenyetta","sysken"
"Sharepoint Services","Koonce, M. Charles","REGKOO"
"Sharepoint Services","Eisiminger, Helen","sysmic"
"Sharepoint Services","Sindoni, Joe","syssin"
"Sharepoint Services","Moorhead, Glenn","insmor"
"Sharepoint Services","Moser, Sam","sysmos"
"Sharepoint Services","Heitz, Jason","reghez"
"Sharepoint Services","Bond, Ronald","sysbon"
"Sharepoint Services","Bowman, Steven","sbowman"
"Sharepoint Services","Tabata, Yuho","ytabata"
"Sharepoint Services","Bristow, Ian","cldbri"
"PATH TEAM","Yaqub, Kamran","kyaqub"
"PATH TEAM","Chow, Wayne","wchow"
"PATH TEAM","Cummings, Corey","syscum"
"PATH TEAM","Kumar, Sai","saikumar"
"PATH TEAM","Lynch, Scott","syslyc"
"itsupportteam","Masterson, Thomas","sysmst"
"itsupportteam","McKnight, Cheryl","cldmci"
"itsupportteam","Leyrer, Richard","cldley"
"itsupportteam","Costanzo, Anthony","syscot"
"itsupportteam","King, Charmagne","inskin"
"itsupportteam","Smith, Renee","cldsmi"
"itsupportteam","McWhite, Patricia","pmcwhite"
"QA Team","Korotkikh, Alina","akorotki"
"QA Team","Metla, Ramadas","rmetla"
"QA Team","Kumar, Deepika","dekumar"
"QA Team","Tiwari, Mayank","mtiwari"
"QA Team","Morgan, Colby","cmorgan"
"QA Team","Ayyavoo, Karthikeyan","kayyavoo"
"QA Team","Kalakota, Madhupriya","mkalakot"
"QA Team","Sharma, Shalini","ssharma"
"QA Team","Galla,Shankar","sgall"
"QA Team","Lohit, Karishma","klohit"
"QA Team","Kamaraj, Preethi","pkamara"
"QA Team","Kottha, Lava","lkottha"
"QA Team","Broadley, Taylor","tbroadle"
"QA Team","Goyal, Rohit","rgoyal"
"QA Team","Arora, Barkha","barora"
"QA Team","Khanduri, Rakesh","rkhandur"
"QA Team","Shaik, Allabaksh","ashaik"
"QA Team","Belal, Bma","bbelal"
"QA Team","George, Sanju","sgeorge"
"QA Team","Nasreen, Shabi","snasreen"
"QA Team","Ahuja, Yukti","yahuja"
"QA Team","Verma, Deepti","dverma"
"QA Team","Gazi, Mohiuddin","mgazi"
"QA Team","Karikeshamma, Ambika","akarikes"
"QA Team","Afshan, Moud","mafshan"
"QA Team","Bavisetti, Lalitha","lbaviset"
"QA Team","Deol, Kapil","kdeol"
"QA Team","Jain, Anuj","anujj"
"QA Team","Bhandari, Anu","abhandar"
"QA Team","Pundir, Rohit","rpundir"
"QA Team","Karakavalasa, Neveen","nkarakav"
"QA Team","Manam, Satish","smanam"
"QA Team","Pal, Debaleena","debpal"
"QA Team","Grimes, Eileen","ewalsh"
"QA Team","Perea, Ancuta","cldnis"
"QA Team","Badvelu, Anith","cldbad"
"QA Team","Corbett, Benjamin","bcorbett"
"QA Team","Soisson, Todd","tsoisson"
"QA Team","Anugonda, Hemant","sysang"
"QA Team","Kheifetz, Jury","syskhe"
