"Group","User","Account"
"g03FICOHGuideWireDevelopers","Lakshmaiah, Raghu","rlakshmai"
"g03FICOHGuideWireDevelopers","Sampath, Shanmugavel","ssampath"
"g03FICOHGuideWireDevelopers","Narayanan, Ramya","rnarayan"
"g03FICOHGuideWireDevelopers","Rajendran, Arunkumar","arajendr"
"g03FICOHGuideWireDevelopers","Kumar, Udaya","ukumar"
"g03FICOHGuideWireDevelopers","Kandasamy, Vishnu","vkandasa"
"g03FICOHGuideWireDevelopers","Navaneetham, Mahadevan","MNAVANEE"
"g03FICOHGuideWireDevelopers","Malige, Murali Krishna","mmalige"
"g03FICOHGuideWireDevelopers","Natarajan, Vijayalakshmi","vnataraj"
"g03FICOHGuideWireDevelopers","Srivastava, Neeraj","nsrivast"
"g03FICOHGuideWireDevelopers","Carroll, Pete","pecarrol"
"g03FICOHGuideWireDevelopers","Bhaskaran, Priyadarshini","pbhaskar"
"g03FICOHGuideWireDevelopers","Shanmugam, Aruna","ashanmuga"
"g03FICOHGuideWireDevelopers","Rajendiran, Vignesh","vrajendi"
"g03FICOHGuideWireDevelopers","Jayaraj, Prem Kumar","pjayaraj"
"g03FICOHGuideWireDevelopers","Theagarajan, Malavika","mtheagar"
"g03FICOHGuideWireDevelopers","Ramani, Lavanya","lramani"
"g03FICOHGuideWireDevelopers","Gururajarao, Sundar Rajan","sgururaj"
"g03FICOHGuideWireDevelopers","Candalla Prasanna, Venkatesh","vprasann"
"g03FICOHGuideWireDevelopers","Antal, Nipun","nantal"
"g03FICOHGuideWireDevelopers","Allamneni, Himabindu","hallamne"
"g03FICOHGuideWireDevelopers","Madan, Manish","mmadan"
"g03FICOHGuideWireDevelopers","Sathiyaseelan, Jacob","jsathiya"
"g03FICOHGuideWireDevelopers","Rayka, Swapnil","srayka"
"g03FICOHGuideWireDevelopers","Soundarapandian, Johnson Thomas","jsoundar"
"g03FICOHGuideWireDevelopers","Bala, Anand","anbala"
"g03FICOHGuideWireDevelopers","Hutton, Scott","shutton"
