"Group","User","Account"
"test",,
"test",,
"test",,
"test","Williamson, Charlene","cwilliam"
"test","Test_tmnas4","Test_tmnas4"
"test","Test_tmnas3","Test_tmnas3"
"test","Test_tmnas5","Test_tmnas5"
"Sharepoint Services","McConnell, Tim","tmcconne"
"Sharepoint Services","Ort, Taylor","tort"
"Sharepoint Services","Sansone, Brandy","bsansone"
"Sharepoint Services","Gerhardt, Frank","fgerhard"
"Sharepoint Services","Cargo, David","dcargo"
"Sharepoint Services","John Durand","durandjo"
"Sharepoint Services","Green, Stephen","sgreen"
"Sharepoint Services","Fernandez, Rebecca","rfernand"
"Sharepoint Services","Seagraves, Michael","mseagrav"
"Sharepoint Services","Hendricks, Ryan","rhendric"
"Sharepoint Services","Friedman, Adam","friedmad"
"Sharepoint Services","Werner, Jason","jwerner"
"Sharepoint Services","DeRitis, Marisa","mderitis"
"Sharepoint Services","Michael Banales","banalemi"
"Sharepoint Services","Brett Hopp","hoppbr"
"Sharepoint Services","Danison,Laurie","ldanison"
"Sharepoint Services","Ethan Ward","WARDET"
"Sharepoint Services","Wapnitsky, Larry","lwapnits"
"Sharepoint Services","Doty, Derek","sysdot"
"Sharepoint Services","Russo, Kevin","sysrus"
"Sharepoint Services","Gwiazda, Joyce","cldgwi"
"Sharepoint Services","Hinson, Rodney","rhinson"
"Sharepoint Services","Bromley, Clayton","sysbro"
"Sharepoint Services","Kitchens, Kenyetta","sysken"
"Sharepoint Services","Koonce, M. Charles","REGKOO"
"Sharepoint Services","Eisiminger, Helen","sysmic"
"Sharepoint Services","Sindoni, Joe","syssin"
"Sharepoint Services","Moorhead, Glenn","insmor"
"Sharepoint Services","Moser, Sam","sysmos"
"Sharepoint Services","Heitz, Jason","reghez"
"Sharepoint Services","Bond, Ronald","sysbon"
"Sharepoint Services","Bowman, Steven","sbowman"
"Sharepoint Services","Tabata, Yuho","ytabata"
"Sharepoint Services","Bristow, Ian","cldbri"
"test",,
"test",,
"test",,
"test","Williamson, Charlene","cwilliam"
"test","Test_tmnas4","Test_tmnas4"
"test","Test_tmnas3","Test_tmnas3"
"test","Test_tmnas5","Test_tmnas5"
