"Name","LastWriteTime"
"APToolkitNET.dll","2/12/2013 5:10:08 PM"
"AQS.Advantage.BatchEdit.dll","4/8/2013 10:33:06 AM"
"AQS.Advantage.Core.dll","6/26/2013 3:04:28 PM"
"AQS.Advantage.DataAccess.BOL.dll","4/8/2013 10:33:02 AM"
"AQS.Advantage.DataAccess.EOL.dll","4/8/2013 10:33:04 AM"
"AQS.Advantage.Delivery.dll","9/23/2013 9:16:44 AM"
"AQS.Advantage.Framework.dll","6/4/2013 9:18:58 AM"
"AQS.Advantage.PolicyAdministration.dll","4/8/2013 10:33:08 AM"
"AQS.Advantage.Rating.dll","6/19/2013 8:58:04 AM"
"AQS.Advantage.Rating.LineOfBusiness.dll","4/8/2013 10:33:10 AM"
"AQS.Advantage.Tools.PolicyImportExport.Business.dll","9/25/2013 7:21:34 AM"
"AQS.ClientExtensions.PIPH.Integration.Common.dll","4/8/2013 11:04:30 AM"
"AQS.ClientExtensions.PIPH.Integration.New.dll","7/31/2013 1:44:08 PM"
"AQS.ClientExtensions.PIPH.Integration.WebServices.New.dll","7/31/2013 1:44:22 PM"
"AQS.Policy.DataAccess.dll","6/14/2013 5:58:30 AM"
"AQS.Policy.dll","6/14/2013 5:58:48 AM"
