"Group","User","Account"
"Java Developers","Burlinghaus, Jeff","jburling"
"Java Developers","Nakon, Thaddeus","tnakon"
"Java Developers","Pasha, Areef","apasha"
"Java Developers","Gowda, Pradyumna","pgowda"
"Java Developers","Petrov, Victor","vpetrov"
"Java Developers","Fisenko, Antonina","afisenko"
"Java Developers","Dergunov, Yaroslav","ydergun"
"Java Developers","Balashov, Andrii","abalasho"
"Java Developers","Vasilenko, Valentin","vvasilen"
"Java Developers","Marella, Gayatri","gmarella"
"Java Developers","Oschepkov, Anton","aosche"
"Java Developers","Henry, Andrew","ahenry"
"Java Developers","Belotserkovsky, Lana","sysbel"
"Java Developers","Sreedharan, Kavitha","ksreedha"
"PATH TEAM","Chow, Wayne","wchow"
"PATH TEAM","Cummings, Corey","syscum"
"PATH TEAM","Kumar, Sai","saikumar"
"PATH TEAM","Lynch, Scott","syslyc"
"PathNet Dev","Nikabadze, Nika","nnikabad"
"PathNet Dev","Nikolaev, Dmitriy","dnikolae"
"PathNet Dev","Chow, Wayne","wchow"
"PathNet Dev","Mohammed, Zahid","zmohamm"
"PathNet Dev","Kannan, Ramkumar","rkannan"
"PathNet Dev","Parthasarathi, Pallavi","parthasa"
"PathNet Dev","Bhaskaran, Sandeep","sbhaskar"
"PathNet Dev","Nigro, Donald","dnigro"
"PathNet Dev","Rocereta, Stephanie","sysror"
"PathNet Dev","Urkowitz, Alan","sysurk"
"PathNet Dev","DeBolt, Andrew","adebolt"
"PathNet Dev","Cummings, Corey","syscum"
"PathNet Dev","Kumar, Sai","saikumar"
"PathNet Dev","Vasilenko, Valentin","vvasilen"
"PathNet Dev","Ksenzhuk, Vitaliy","vksenzhu"
"PathNet Dev","Chowdary, Sri","schowdar"
"PathNet Dev","Casey, Scott","syscas"
"PathNet Dev","Jeyasingh, Rexon","sysjey"
"PathNet Dev","Moyer, Paul","sysmoy"
"PathNet Dev","Corbett, Benjamin","bcorbett"
"PathNet Dev","Lynch, Scott","syslyc"
"PathNet Dev","O'Brien, Meghan","sysobr"
"PathNet Dev","Mung Au, Jennifer","sysmun"
"PathNet Dev","Belotserkovsky, Lana","sysbel"
"PathNet Dev",,
"PathNet Dev","Tella, KiranKumar","systel"
"PAS services","Shaik, Abdul","abshaik"
"PAS services","Ravi, Dhinakar","dhiravi"
"PAS services","Nikabadze, Nika","nnikabad"
"PAS services","Nikolaev, Dmitriy","dnikolae"
"PAS services","Somchenko, Vitaliy","vsomchen"
"PAS services","Gupta, Rohit","rohgupta"
"PAS services","Sarangi, Sitikantha","ssarangi"
"PAS services","Voruganti, Hareesh","hvorugan"
"PAS services","Nigro, Donald","dnigro"
"PAS services","Vasilenko, Valentin","vvasilen"
"PAS services","Ksenzhuk, Vitaliy","vksenzhu"
"PAS services","Smolyansky, Yelana","ysmoly"
"PAS services","Jeyasingh, Rexon","sysjey"
"PAS services","Yakkati, Sitaram","syakkati"
"PAS services","Mazumdar, Sandip","sysmaz"
"PAS services","Belotserkovsky, Lana","sysbel"
"Enterprise Architecture","Gokula, Sayampu","sgokula"
"Enterprise Architecture","Guarino, Joseph","jguarino"
"Enterprise Architecture","Krislasky, Lena","lkrislsk"
"Enterprise Architecture","Byreddy, Anil","abyreddy"
"Enterprise Architecture","Tadimeti, Manish","mtadim"
"Enterprise Architecture","Schardt, James","syssca"
"Enterprise Architecture","Irudayaraj, Dharmaraj","sysiru"
"Enterprise Architecture","Miller, Matt","sysmil"
"Enterprise Architecture","Koziara, Edward","syskoz"
"Enterprise Architecture","Rudolph, Brett","sysrud"
"Enterprise Architecture","Hart, Bill","syshar"
"Enterprise Architecture","Sweitzer, Aimee","sysgom"
"Enterprise Architecture","Spade, Cathy","sysspd"
"Actuarial Support","Steiner, Alfred","asteiner"
"Actuarial Support","Kumar, Navaneeth","nkumar"
"Actuarial Support","Chockalingam, Mani","mchockal"
"Actuarial Support","Sure, Gopi","gosure"
"Actuarial Support","Rampalli, Ramesh","rrampall"
"Actuarial Support","Chennu, Srilakshmi","schennu"
"Actuarial Support","Arezina, Matt","marezina"
"Actuarial Support","Gollapallem, Giribabu","ggollapa"
"Actuarial Support","Lindsey, Ann","alindsey"
"Actuarial Support","Fiorentino, Harry","hfiorent"
"Actuarial Support","Evers, William","wevers"
"Actuarial Support","Humphry, James","syshum"
"Actuarial Support","Hayes, David","syshay"
"Actuarial Support","Mordukhayev, Felix","sysmor"
"Actuarial Support","Kalyuta, Oksana","syskay"
"Actuarial Support","Godfrey, Erik","sysgod"
"Actuarial Support","Segal, Stella","ssegal"
"Quality Assurance","Akhter, Sheuly","sakhter"
"Quality Assurance","Metla, Ramadas","rmetla"
"Quality Assurance","Kumar, Deepika","dekumar"
"Quality Assurance","Tiwari, Mayank","mtiwari"
"Quality Assurance","Morgan, Colby","cmorgan"
"Quality Assurance","Ayyavoo, Karthikeyan","kayyavoo"
"Quality Assurance","Kalakota, Madhupriya","mkalakot"
"Quality Assurance","Sharma, Shalini","ssharma"
"Quality Assurance","Dobhal, Richa","rdobhal"
"Quality Assurance","Galla,Shankar","sgall"
"Quality Assurance","Lohit, Karishma","klohit"
"Quality Assurance","Hicks, Jonise","jhicks"
"Quality Assurance","Kamaraj, Preethi","pkamara"
"Quality Assurance","Kottha, Lava","lkottha"
"Quality Assurance","Broadley, Taylor","tbroadle"
"Quality Assurance","Goyal, Rohit","rgoyal"
"Quality Assurance","Arora, Barkha","barora"
"Quality Assurance","Khanduri, Rakesh","rkhandur"
"Quality Assurance","Shaik, Allabaksh","ashaik"
"Quality Assurance","Belal, Bma","bbelal"
"Quality Assurance","George, Sanju","sgeorge"
"Quality Assurance","Nasreen, Shabi","snasreen"
"Quality Assurance","Ahuja, Yukti","yahuja"
"Quality Assurance","Verma, Deepti","dverma"
"Quality Assurance","Gazi, Mohiuddin","mgazi"
"Quality Assurance","Krishnasamy, Satish","skrishna"
"Quality Assurance","Radhakrishnan, Vignesh","vradhak"
"Quality Assurance","Karikeshamma, Ambika","akarikes"
"Quality Assurance","Afshan, Moud","mafshan"
"Quality Assurance","Bavisetti, Lalitha","lbaviset"
"Quality Assurance","Jain, Anuj","anujj"
"Quality Assurance","Deol, Kapil","kdeol"
"Quality Assurance","Bhandari, Anu","abhandar"
"Quality Assurance","Manam, Satish","smanam"
"Quality Assurance","Pal, Debaleena","debpal"
"Quality Assurance","Grimes, Eileen","ewalsh"
"Quality Assurance","Perea, Ancuta","cldnis"
"Quality Assurance","Badvelu, Anith","cldbad"
"Quality Assurance","Adcock, Carolyn","cadcock"
"Quality Assurance","Corbett, Benjamin","bcorbett"
"Quality Assurance","Soisson, Todd","tsoisson"
"Quality Assurance","Anugonda, Hemant","sysang"
"Quality Assurance","Kheifetz, Jury","syskhe"
"Corporate Reporting","Petry, Mark","mpetry"
"Corporate Reporting","Kumar, Navaneeth","nkumar"
"Corporate Reporting","Gollapallem, Giribabu","ggollapa"
"Corporate Reporting","Samoylo, Mark","syssam"
"Corporate Reporting","Agrawal, Payal","pagarwal"
"Corporate Reporting","Kelly, Terrance","syskly"
"Corporate Reporting","Hayes, David","syshay"
"Corporate Reporting","Sigal, Regina","accsig"
"Corporate Reporting","Yang, Jeanette","sysyan"
"Corporate Reporting","Janas, David","sysjan"
"Corporate Reporting","Rice, Christopher","sysric"
"Corporate Reporting","O'Sullivan, Ciaran","syssui"
"Corporate Reporting","Forman, Joshua","sysfom"
"Corporate Reporting","Vargas, Jason","sysvag"
"Corporate Reporting","Wong, Nina","acctea"
"Corporate Reporting","Newman, Carolyn","inshul"
"Corporate Reporting","McCullough, Kara","accavi"
"Corporate Reporting",,
"Corporate Reporting","Reporting On Call Support","RptOnCall"
"Data Warehousing","Steiner, Alfred","asteiner"
"Data Warehousing","Kumar, Navaneeth","nkumar"
"Data Warehousing","Chockalingam, Mani","mchockal"
"Data Warehousing","Sure, Gopi","gosure"
"Data Warehousing","Rampalli, Ramesh","rrampall"
"Data Warehousing","Chennu, Srilakshmi","schennu"
"Data Warehousing","Arezina, Matt","marezina"
"Data Warehousing","Gollapallem, Giribabu","ggollapa"
"Data Warehousing","Lindsey, Ann","alindsey"
"Data Warehousing","Fiorentino, Harry","hfiorent"
"Data Warehousing","Humphry, James","syshum"
"Data Warehousing","Matthews, Christopher","sysmah"
"Data Warehousing","Hayes, David","syshay"
"Data Warehousing","Mordukhayev, Felix","sysmor"
"Data Warehousing","Kalyuta, Oksana","syskay"
"Data Warehousing","Godfrey, Erik","sysgod"
"Data Warehousing","O'Brien, Meghan","sysobr"
"Data Warehousing","Segal, Stella","ssegal"
"Interface Team","Swaminathan, Mani","mswamina"
"Interface Team","Kumar, Ravi","kumarr"
"Interface Team","Dandu, Sivarama","srama"
"Interface Team","Mandal, Amit","amandel"
"Interface Team","Singh, Ashwani","singha"
"Interface Team","Tukuntla, Nandakishore","ntukunt"
"Interface Team","Bomma, Murali","mbomma"
"Interface Team","Kumar, Dhanesh","dkumar"
"Interface Team","Mukka, Jayakrishna","jmukka"
"Interface Team","Herbst, Linda","sysher"
"Interface Team","Knight, Tom","syskni"
"Interface Team","Ma, Hannah","syshma"
"Interface Team","Mung Au, Jennifer","sysmun"
"Sharepoint Services","McConnell, Tim","tmcconne"
"Sharepoint Services","Ort, Taylor","tort"
"Sharepoint Services","Sansone, Brandy","bsansone"
"Sharepoint Services","Gerhardt, Frank","fgerhard"
"Sharepoint Services","Cargo, David","dcargo"
"Sharepoint Services","John Durand","durandjo"
"Sharepoint Services","Green, Stephen","sgreen"
"Sharepoint Services","Fernandez, Rebecca","rfernand"
"Sharepoint Services","Seagraves, Michael","mseagrav"
"Sharepoint Services","Hendricks, Ryan","rhendric"
"Sharepoint Services","Friedman, Adam","friedmad"
"Sharepoint Services","Werner, Jason","jwerner"
"Sharepoint Services","DeRitis, Marisa","mderitis"
"Sharepoint Services","Michael Banales","banalemi"
"Sharepoint Services","Brett Hopp","hoppbr"
"Sharepoint Services","Danison,Laurie","ldanison"
"Sharepoint Services","Ethan Ward","WARDET"
"Sharepoint Services","Wapnitsky, Larry","lwapnits"
"Sharepoint Services","Doty, Derek","sysdot"
"Sharepoint Services","D'Antonio, Gina","sysdan"
"Sharepoint Services","Hinson, Rodney","rhinson"
"Sharepoint Services","Russo, Kevin","sysrus"
"Sharepoint Services","Gwiazda, Joyce","cldgwi"
"Sharepoint Services","Bromley, Clayton","sysbro"
"Sharepoint Services","Kitchens, Kenyetta","sysken"
"Sharepoint Services","Koonce, M. Charles","REGKOO"
"Sharepoint Services","Eisiminger, Helen","sysmic"
"Sharepoint Services","Sindoni, Joe","syssin"
"Sharepoint Services","Moser, Sam","sysmos"
"Sharepoint Services","Moorhead, Glenn","insmor"
"Sharepoint Services","Heitz, Jason","reghez"
"Sharepoint Services","Bond, Ronald","sysbon"
"Sharepoint Services","Bowman, Steven","sbowman"
"Sharepoint Services","Tabata, Yuho","ytabata"
"Sharepoint Services","Bristow, Ian","cldbri"
"Sharepoint Consultants","Koyi, Suresh","skoyi"
"Sharepoint Consultants","Magby, Tyrone","tmagby"
"Sharepoint Consultants","Miklau, Karen","KMiklau"
"Sharepoint Consultants","Bizin, Andrei","abizin"
"Sharepoint Consultants","Agrawal, Payal","pagarwal"
"Alliance","Marella, Gayatri","gmarella"
"ETL","Singh, Ashwani","singha"
"ETL","Kumar, Dhanesh","dkumar"
"ETL","Herbst, Linda","sysher"
"ETL","Knight, Tom","syskni"
"ETL","Ma, Hannah","syshma"
"ETL","O'Brien, Meghan","sysobr"
"ETL","Mung Au, Jennifer","sysmun"
"IT","Gwiazda, Joyce","cldgwi"
"IT","Kalyuta, Oksana","syskay"
"IT","Walker, Gwen","cldwak"
"IT","Guerzini, Lori","sysgue"
"IT","Verish, Christina","sysver"
"IT","Herbst, Linda","sysher"
"IT","Moyer, Paul","sysmoy"
"IT","Ananyeva, Natalie","sysana"
"IT","Sigal, Regina","accsig"
"IT","Irudayaraj, Dharmaraj","sysiru"
"IT","Sullivan, Karen","cldsul"
"IT","Knight, Tom","syskni"
"IT","Timoteo, Maria","systio"
"IT","Curry, Joanne","cldcuy"
"IT","Bromley, Clayton","sysbro"
"IT","Kitchens, Kenyetta","sysken"
"IT","Koonce, M. Charles","REGKOO"
"IT","Hargrove, Larry","syslha"
"IT","Lentz, Richard","syslen"
"IT","Musonge, Ewange","sysmus"
"IT","Eisiminger, Helen","sysmic"
"IT","Cavan, Brent Nash","bcavan"
"IT","Algeo, James","sysalg"
"IT","Yang, Jeanette","sysyan"
"IT","Gray, Robert","sysrgr"
"IT","Quagliarello, Jane","sysqua"
"IT","Sipman, Gary","gsipman"
"IT","Sindoni, Joe","syssin"
"IT","Adcock, Carolyn","cadcock"
"IT","Janas, David","sysjan"
"IT","Miller, Matt","sysmil"
"IT","Silvers, Nathan","syssiv"
"IT","Ma, Hannah","syshma"
"IT","Moser, Sam","sysmos"
"IT","LeMay, John","syslem"
"IT","Williamson, Charlene","cwilliam"
"IT","Lynch, Scott","syslyc"
"IT","Godfrey, Erik","sysgod"
"IT","Stefanic, Steve","sysste"
"IT","O'Brien, Meghan","sysobr"
"IT","Moorhead, Glenn","insmor"
"IT","Lambert, Chrystie","clambert"
"IT","Muller, Peggy","sysmul"
"IT","Bretzius, Kerry","sysbre"
"IT","Heitz, Jason","reghez"
"IT","Vong, Kenneth","sysvon"
"IT","Szewczak, Anthony","syssze"
"IT","Bond, Ronald","sysbon"
"IT","Mung Au, Jennifer","sysmun"
"IT","O'Sullivan, Ciaran","syssui"
"IT","Shulman, Igor","ischulma"
"IT","Kocur, Ed","syskou"
"IT","Koziara, Edward","syskoz"
"IT","Redmond, William","wredmond"
"IT","Tigue, David","systig"
"IT","Zhitomirsky, Eugene","syszhi"
"IT","Mazumdar, Sandip","sysmaz"
"IT","Zighelboim, Joel","Syszig"
"IT","Soisson, Todd","tsoisson"
"IT","Taylor, Jason","systay"
"IT","Rudolph, Brett","sysrud"
"IT","Sator, Zlatko","syssat"
"IT","Crone, Steve","syscrn"
"IT","Segal, Stella","ssegal"
"IT","Dickson, Patrick","pdickson"
"IT","Pizzola, Joe","syspiz"
"IT","Walker, Helen","hwalker"
"IT","Anugonda, Hemant","sysang"
"IT","Hart, Bill","syshar"
"IT","Leyrer, Richard","cldley"
"IT","Belotserkovsky, Lana","sysbel"
"IT","Sweitzer, Aimee","sysgom"
"IT","Fridy, Joan","sysfri"
"IT","Zwicker, Ed","syszwi"
"IT","Spade, Cathy","sysspd"
"IT","Forman, Joshua","sysfom"
"IT","Cocci, Martin","syscoc"
"IT","Kheifetz, Jury","syskhe"
"IT","Forbes, Dorothy","cldfor"
"IT","Sreedharan, Kavitha","ksreedha"
"IT","Robbins, Kevin","sysrob"
"IT","Schulz, Denise","sysscu"
"IT","Costanzo, Anthony","syscot"
"IT","Silverman, Keri","syssil"
"IT","Amato, Nancy","accama"
"IT","Lerro, Michael","inaler"
"IT","Bowman, Steven","sbowman"
"IT","Shoemaker, Martha","salsho"
"IT","King, Charmagne","inskin"
"IT","McCullough, Kara","accavi"
"IT","Monaghan, Jack","sysmon"
"IT","Deeming, Frances","insdee"
"IT","Kumaravel, Mahendran","syskua"
"IT","Ward, Ethan","eward"
"IT","Roehrenbeck, Rece","sysroh"
"IT","Kadysh, Lana","syskad"
"IT",,
"IT","Bristow, Ian","cldbri"
"IT","Grohol, Jim","sysgro"
"IT","McAnally, Jennifer","sysmca"
"IT","Marisa ADM. DeRitis","ADM_MDE"
"IT","DeRitis, Marisa","mderitis"
"IT","Bhambhani, Neha","nbhambha"
"IT","Robinson, Lynne","robinsol"
"IT","Maddali, Prakash","pmaddali"
"IT","Urkowitz, Alan","sysurk"
"IT","Smith, Lafayette","lsmith"
"IT","DeBolt, Andrew","adebolt"
"IT","Konkoly, Leslie","lkonkoly"
"IT","Dergunov, Yaroslav","ydergun"
"IT","Gulati, Hemant","hgulati"
"IT","Yadam, Suresh","syadam"
"IT","Sharma, Varun","vasharma"
"IT","Thomas, Jency","jthomas"
"IT","Balashov, Andrii","abalasho"
"IT","Manning, David","dmanning"
"IT","Wheeler, Christina","cwheeler"
"IT","Cummings, Corey","syscum"
"IT","Danison,Laurie","ldanison"
"IT","Sharma, Varun S.","vsharma"
"IT","Kumar, Sai","saikumar"
"IT","Hawkins, Jerard","jhawkins"
"IT","Byalsky, Ludmila","lbyalsky"
"IT","Saxena, Kamini","ksaxena"
"IT","Vedantham, Padma Bhushan","pvedanth"
"IT","Peddi, Dinesh","dpeddi"
"IT","Das Mohapatra, Tapas Kuma","tmohapat"
"IT","Kora, Rambabu","rkora"
"IT","Venkatesh, Aravelly","varavell"
"IT","Naripella, Rahul","rnarippe"
"IT","Qayoom, Mohammed","mqayoom"
"IT","Ali Baig, Ismail","ialibaig"
"IT","Pileggi, Elisa","epileggi"
"IT","Ponnaganti, MohanaRao","mponnaga"
"IT","Reddy, Devender","devreddy"
"IT","Popolano, Jonathan","jpopolan"
"IT","Bizin, Andrei","abizin"
"IT","Vargheese, Biju","bvargh"
"IT","Kuppuswamy, Gopinath","GKuppusw"
"IT","Gilbert, Tom","tgilbert"
"IT","Arya, Ashutosh","aarya"
"IT","Peel, Andrew","andpeel"
"IT","Chowdary, Sri","schowdar"
"IT","Grinberg, Alex","agrinber"
"IT","Grassi, Anthony","agrassi"
"IT","Wapnitsky, Larry","lwapnits"
"IT","Sangar, Chinmoy","csangar"
"IT","Timmasarti, Karteek","ktimmasa"
"IT","Agrawal, Payal","pagarwal"
"IT","Oschepkov, Anton","aosche"
"IT","Chernyaev, Dmitry","dcherny"
"IT","Nosik, Alexey","anosik"
"IT","Choudhary, Nikunj","nchoudhary"
"IT","Polu, Jagadeesh","jpolu"
"IT","Hayek, Anthony","ahayek"
"IT","Thota, Mahesh","mthota"
"IT","Smolyansky, Yelana","ysmoly"
"IT","Sharma, AJ","asharma"
"IT","Balike, Ravishankar","sysbal"
"IT","Baig, Mirza","mbaig"
"IT","Gurram, Ranjith","sysgum"
"IT","Bowman, Michael","sysbom"
"IT","Garza, Darrin","dgarza"
"IT","Vincent, Wesley","wvincent"
"IT","Muir, Trish","sysmur"
"IT","Schmalzrid, Richard","rschmalz"
"IT","Kodiya, Aklank","akodiya"
"IT","Venafra, Mike","mvenafra"
"IT","Kelly, Terrance","syskly"
"IT","McCole, Amy","sysmcl"
"IT","Nguyen, Tuan","tnguyen"
"IT","Takei, Toshio","ttakei"
"IT","Ott, Jimmie","jimott"
"IT","Tummala, Krishna","ktummala"
"IT","Shukhin, Olga","oshukhin"
"IT","TestSP1","TestSP1"
"IT","Henry, Andrew","ahenry"
"IT","Tadimeti, Manish","mtadim"
"IT","Doty, Derek","sysdot"
"IT","Humphry, James","syshum"
"IT","Casey, Scott","syscas"
"IT","Teichert, Robert","systei"
"IT","D'Antonio, Gina","sysdan"
"IT","D'Abundo, Sal","sysabu"
"IT","Hinson, Rodney","rhinson"
"IT","Matthews, Christopher","sysmah"
"IT","Russo, Kevin","sysrus"
"IT","Schultz, Jennifer","inasch"
"IT","Hayes, David","syshay"
"IT","Jeyasingh, Rexon","sysjey"
"IT","Mordukhayev, Felix","sysmor"
"IT","Badvelu, Anith","cldbad"
"IT","Lobman, Jeffrey","cldlob"
"IT","Yakkati, Sitaram","syakkati"
"IT","Masutani, Akiko","sysmas"
"IT","Gaines, Carl","sysgai"
"IT","Schardt, James","syssca"
"IT","Kimball, George","syskim"
"IT","Jones, Douglas","sysjon"
"IT","Reed, Dawn","sysreed"
"IT","Braverman, Jeff","jbraver"
"IT","Gaton, Amelec","agaton"
"IT","Gannon, Michael","mgannon"
"IT","Reeder, Andrew","areeder"
"IT","Wong, Noma","nwong"
"IT","Chockalingam, Mani","mchockal"
"IT","Patel, Shailesh","shpatel"
"IT","Romanski, Jared","jromansk"
"IT","John, Aneela","anjohn"
"IT","Guarino, Joseph","jguarino"
"IT","Palavesam, Subha","spalaves"
"IT","Green, Stephen","sgreen"
"IT","McLaughlin, Auvel","amclaugh"
"IT","Sure, Gopi","gosure"
"IT","Rampalli, Ramesh","rrampall"
"IT","Chennu, Srilakshmi","schennu"
"IT","Golovnya, Vitaliy","vgolovny"
"IT","Bomersbach, Jonas","jbomersb"
"IT","Fernandez, Rebecca","rfernand"
"IT","Hollander, Dave","dholland"
"IT","Krislasky, Lena","lkrislsk"
"IT","Arezina, Matt","marezina"
"IT","Golden, Ken","kgolden"
"IT","Gill, Steve","sgill"
"IT","Bhasin, Karan","kbhasin"
"IT","Ramineni, Srujan","sraminen"
"IT","Swaminathan, Mani","mswamina"
"IT","Pasha, Areef","apasha"
"IT","Gowda, Pradyumna","pgowda"
"IT","Burch, Arteevie","aburch"
"IT","Gollapallem, Giribabu","ggollapa"
"IT","Penumalla, Karthik","kpenum"
"IT","Roberts, Dave","droberts"
"IT","Kretzu, Peter","pkretzu"
"IT","Barra, Brian","bbarra"
"IT","Seagraves, Michael","mseagrav"
"IT","Ryan ADM. Hendricks","adm_rhe"
"IT","Hendricks, Ryan","rhendric"
"IT","Chow, Wayne","wchow"
"IT","Patel, Kinjalkumar","kpatel"
"IT","Petrov, Victor","vpetrov"
"IT","Veeramani, Ram","rveerami"
"IT","Lu, Kathy","klu"
"IT","Venumbaka, Pradeep","pvenumba"
"IT","Byreddy, Anil","abyreddy"
"IT","Lindsey, Ann","alindsey"
"IT","Chaby, Al","achaby"
"IT","Batt, Andrew","abatt"
"IT","Oliver, Jerry","joliver"
"IT","DeRemer, Austin","aderemer"
"IT","Pick, Robert","rpick"
"IT","Coffin, Philip","pcoffin"
"IT","Tung, Ken","ktung"
"IT","Rhynes, Andrian","arhynes"
"IT","Johnson, Kristina","kjohnson"
"IT","Cute, Dianna","dcute"
"IT","Kumar, Ravi","kumarr"
"IT","Dandu, Sivarama","srama"
"IT","Fiorentino, Harry","hfiorent"
"IT","Murphy, Kevin","kmurphy"
"IT","Verma, Rajiv","raverma"
"IT","Somchenko, Vitaliy","vsomchen"
"IT","Mandal, Amit","amandel"
"IT","Yamona, John","jyamona"
"IT","Tripp, Brian","btripp"
"IT","Greene, Lucinda","lgreene"
"IT","Werner, Jason","jwerner"
"IT","Gupta, Rohit","rohgupta"
"IT","Mohammed, Zahid","zmohamm"
"IT","Kannan, Ramkumar","rkannan"
"IT","George, Sanju","sgeorge"
"IT","Venezia, Dominic","dvenezia"
"IT","Koyi, Suresh","skoyi"
"IT","Sarangi, Sitikantha","ssarangi"
"IT","Ponder, Johnny","jponder"
"IT","Parthasarathi, Pallavi","parthasa"
"IT","Suda, Donnie","dsuda"
"IT","Prasad, Ashish","aprasad"
"IT","Dendurluri, Srinivas","sdendurl"
"IT","Ilyas Khan, Mohammed","mkhan"
"IT","McFarland, August","amacfar"
"IT","Raamaswamy, Gurumoorthy","graamasw"
"IT","Singh, Ashwani","singha"
"IT","Gururajan, Prabhu","pguruaji"
"IT","Tukuntla, Nandakishore","ntukunt"
"IT","Bomma, Murali","mbomma"
"IT","Kumar, Dhanesh","dkumar"
"IT","Mukka, Jayakrishna","jmukka"
"IT","Desai, Himanshu","hdesai"
"IT","Keough, Lawrence","lkeough"
"IT","Voruganti, Hareesh","hvorugan"
"IT","Evers, William","wevers"
"IT","Nagarajan, Rajesh","rnagaraj"
"IT","Bhaskaran, Sandeep","sbhaskar"
"IT","Carter, Brenda","syscrt"
"IT","Westerman, Amy","awester"
"IT","Nigro, Donald","dnigro"
"IT","Bair, Katherine","kbair"
"IT","Rocereta, Stephanie","sysror"
"IT","Swartz, Dustin","sysswa"
"IT","Kandukari, Sucharitha","skanduk"
"IT","Burlinghaus, Jeff","jburling"
"IT","Montgomery, Heather","hmontgom"
"IT","Metla, Ramadas","rmetla"
"IT","Kumar, Deepika","dekumar"
"IT","Gokula, Sayampu","sgokula"
"IT","McConnell, Tim","tmcconne"
"IT","Bouknight, Britt","bbouknig"
"IT","Charlton, Peter","pcharlto"
"IT","Arora, Nishtha","narora"
"IT","Kalley, Ida","ikalley"
"IT","Ellis, Nicole","nellis"
"IT","Ravavarapu, Swathi","sravavar"
"IT","Hendrickson, Jonathan","jhendric"
"IT","Morgan, Colby","cmorgan"
"IT","Linder, Louis","llinder"
"IT","Ayyavoo, Karthikeyan","kayyavoo"
"IT","Kalakota, Madhupriya","mkalakot"
"IT","Shaik, Abdul","abshaik"
"IT","Ort, Taylor","tort"
"IT","Petry, Mark","mpetry"
"IT","Gordon, Dewayne","dgordon"
"IT","Ahuja, Lalit","lahuja"
"IT","Runnels, Tony","trunnels"
"IT","Ravi, Dhinakar","dhiravi"
"IT","Tripathi, Pallavi","ptripath"
"IT","Lagdan, Jessica","jlagdan"
"IT","Holmes, Neil","nholmes"
"IT","Nikabadze, Nika","nnikabad"
"IT","Long, Lorie","llong"
"IT","Hughes, Andrew","ahughes"
"IT","Kodis, George","gkodis"
"IT","Nikolaev, Dmitriy","dnikolae"
"IT","Danasekaran, Sureshkumar","sdanasek"
"IT","Shrivastava, Priyanka","pshrivas"
"IT","Anjani Tyagi, Kunwar","ktyagi"
"IT","Nakon, Thaddeus","tnakon"
"IT","Gerhardt, Frank","fgerhard"
"IT","Toney, Jennifer","jtoney"
"IT","Chomyn, Mary","mchomyn"
"IT","Vostinic, Veljko","vvostini"
"IT","Savic, Dejan","dsavic"
"IT","MacKenzie, Brian","bmackenz"
"IT","Jovic, Marko","mjovic"
"IT","Klaiber, Chris","cklaiber"
"IT","Cargo, David","dcargo"
"IT","Niehaus, Eva","eniehaus"
"IT","Oxner, Earle","eoxner"
"IT","Rajput, Ashish","arajput"
"IT","Anand, Shivangi","sanand"
"IT","Pokade, Amrita","apokade"
"IT","Steiner, Alfred","asteiner"
"IT","Kumar, Navaneeth","nkumar"
"Service Accounts","s00svc_xenapp","s00svc_xenapp"
"Service Accounts","s00SailPoint","s00SailPoint"
"Service Accounts","s01videoconf","s01videoconf"
"Service Accounts","s02videoconf","s02videoconf"
"Service Accounts","s00svcdms","s00svcdms"
"Service Accounts","s00insys","s00insys"
"Service Accounts","s00GuidewireJBOSS","s00GuidewireJBOSS"
"Service Accounts","s00videoconf4","s00videoconf4"
"Service Accounts","s01PATH_SCRN_MAINT","s01PATH_SCRN_MAINT"
"Service Accounts","s00magadmin","s00magadmin"
"Service Accounts","s00leostream","s00leostream"
"Service Accounts","s00videoconf3","s00videoconf3"
"Service Accounts","s00videoconf2","s00videoconf2"
"Service Accounts","s00videoconf1","s00videoconf1"
"Service Accounts","s00ldap_footprints","s00ldap_footprints"
"Service Accounts","s00videoconf","s00videoconf"
"Service Accounts","s00ravpnadmin","s00ravpnadmin"
"Service Accounts","s00cogmigrate","s00cogmigrate"
"Service Accounts","s00migrator","s00migrator"
"Service Accounts","s00vmturbo","s00vmturbo"
"Service Accounts","s00cognos","s00cognos"
"Service Accounts","s00irvd","s00irvd"
"Service Accounts","svc_vranger","svc_vranger"
"Service Accounts","s00ldap_linux_proxy","s00ldap_linux_proxy"
"Service Accounts","s00ldap_emc","s00ldap_emc"
"Service Accounts","Vault Service Account","vaultsvc"
"Service Accounts","svc_mossp_workflow","svc_mossp_workflow"
"Service Accounts","SVC_WINPAK brasslock","svc_winpak"
"Service Accounts","postmaster","postmaster"
"Service Accounts","SQL SERVICE","SQLSERVICE"
"Service Accounts","s00PFRPL","s00PFRPL"
"Service Accounts","s00spteamtmnasap","s00spteamtmnasap"
"Service Accounts","s00sptmnasap","s00sptmnasap"
"Service Accounts","s00spttmnasap_devqa","s00spttmnasap_devqa"
"Service Accounts","s00sptmnasap_devqa","s00sptmnasap_devqa"
"Service Accounts","s00UAGMGR","s00uagmgr"
"Service Accounts","s00mmtarget","s00mmtarget"
"Service Accounts","s00epoadmin","s00epoadmin"
"Service Accounts","s00igSSMinternal","s00igSSMinternal"
"Service Accounts","s00igPolicy","s00igPolicy"
"Service Accounts","s00igDirAdmin","s00igDirAdmin"
"Service Accounts","s00ldap_CiscoUCM","s00ldap_CiscoUCM"
"Service Accounts","s00ldap_acs","s00ldap_acs"
"Service Accounts","svc_admt_target","svc_admt_target"
"Service Accounts","svc_emm","svc_emm"
"Service Accounts","svc_corpsqldev","svc_corpsqldev"
"Service Accounts","svc_corpscanner","svc_corpscanner"
"Service Accounts","svc_sqlforefront","svc_sqlforefront"
"Service Accounts","svc_scanner","svc_scanner"
"Service Accounts","svc_uperform","svc_uperform"
"Service Accounts","svc_corpexch","svc_corpexch"
"Service Accounts","svc_cvlt","svc_cvlt"
"Service Accounts","svc_CA","svc_CA"
"Service Accounts","svc_ldap_psoft_prod","svc_ldap_psoft_prod"
"Service Accounts","svc_ldap_psoft_dev","svc_ldap_psoft_dev"
"Service Accounts","svc_LDAP","svc_LDAP"
"Service Accounts","svc_spups_devqa","svc_spups_devqa"
"Service Accounts","svc_spsetup_devqa","svc_spsetup_devqa"
"Service Accounts","svc_spservice_devqa","svc_spservice_devqa"
"Service Accounts","svc_spsearch_devqa","svc_spsearch_devqa"
"Service Accounts","svc_spsandbox_devqa","svc_spsandbox_devqa"
"Service Accounts","svc_spfsearch_devqa","svc_spfsearch_devqa"
"Service Accounts","svc_spfarm_devqa","svc_spfarm_devqa"
"Service Accounts","svc_spcontent_devqa","svc_spcontent_devqa"
"Service Accounts","svc_spapppool_devqa","svc_spapppool_devqa"
"Service Accounts","svc_spups","svc_spups"
"Service Accounts","svc_spsetup","svc_spsetup"
"Service Accounts","svc_spservice","svc_spservice"
"Service Accounts","svc_spsearch","svc_spsearch"
"Service Accounts","svc_spsandbox","svc_spsandbox"
"Service Accounts","svc_spfsearch","svc_spfsearch"
"Service Accounts","svc_spfarm","svc_spfarm"
"Service Accounts","svc_spcontent","svc_spcontent"
"Service Accounts","svc_spapppool","svc_spapppool"
"Service Accounts","svc_corpsqldba","svc_corpsqldba"
"Service Accounts","svc_adlds","svc_adlds"
"Service Accounts","svc_sccm","svc_sccm"
