"SamAccountName","Name","NTAccountName","email.accountisdisabled","AccountIsLockedOut","AccountIsExpired","PasswordIsExpired","AccountExpirationStatus","PasswordStatus"
"aarya","Arya, Ashutosh","CORP\aarya",,"False","False","False","End of: Tuesday, March 31, 2015","Expires at: Thursday, January 22, 2015"
"abalasho","Balashov, Andrii","CORP\abalasho",,"False","False","False","End of: Tuesday, March 31, 2015","Expires at: Saturday, January 31, 2015"
"abatt","Batt, Andrew","CORP\abatt",,"False","False","False","Never","Expires at: Saturday, March 14, 2015"
"abhandar","Bhandari, Anu","CORP\abhandar",,"False","False","False","End of: Tuesday, March 31, 2015","Expires at: Sunday, February 08, 2015"
"abizin","Bizin, Andrei","CORP\abizin",,"False","False","False","End of: Tuesday, March 31, 2015","Expires at: Monday, March 16, 2015"
"abshaik","Shaik, Abdul","CORP\abshaik",,"False","False","False","End of: Tuesday, March 31, 2015","Expires at: Sunday, February 15, 2015"
"aburch","Burch, Arteevie","CORP\aburch",,"False","False","False","Never","Expires at: Sunday, March 01, 2015"
"abyreddy","Byreddy, Anil","CORP\abyreddy",,"False","False","False","Never","Expires at: Sunday, February 08, 2015"
"accama","Amato, Nancy","CORP\accama",,"False","False","False","Never","Expires at: Thursday, February 12, 2015"
"accavi","McCullough, Kara","CORP\accavi",,"False","False","False","Never","Expires at: Monday, February 02, 2015"
"accsig","Sigal, Regina","CORP\accsig",,"False","False","False","Never","Expires at: Sunday, January 18, 2015"
"acctea","Wong, Nina","CORP\acctea",,"False","False","False","Never","Expires at: Tuesday, February 10, 2015"
"achaby","Chaby, Al","CORP\achaby",,"False","False","False","Never","Expires at: Tuesday, March 10, 2015"
"adebolt","DeBolt, Andrew","CORP\adebolt",,"False","False","False","Never","Expires at: Thursday, March 12, 2015"
"aderemer","DeRemer, Austin","CORP\aderemer",,"False","False","False","End of: Wednesday, December 31, 2014","Expires at: Monday, March 09, 2015"
"ADM_MDE","Marisa ADM. DeRitis","CORP\ADM_MDE",,"False","False","False","Never","Expires at: Wednesday, January 14, 2015"
"adm_rhe","Ryan ADM. Hendricks","CORP\adm_rhe",,"False","False","False","End of: Wednesday, December 31, 2014","Expires at: Monday, January 26, 2015"
"afisenko","Fisenko, Antonina","CORP\afisenko",,"False","False","False","End of: Tuesday, March 31, 2015","Expires at: Monday, January 05, 2015"
"agaton","Gaton, Amelec","CORP\agaton",,"False","False","False","End of: Wednesday, December 31, 2014","Expires at: Saturday, January 31, 2015"
"agrassi","Grassi, Anthony","CORP\agrassi",,"False","False","False","Never","Expires at: Sunday, December 28, 2014"
"agrinber","Grinberg, Alex","CORP\agrinber",,"False","False","False","Never","Expires at: Sunday, March 01, 2015"
"ahayek","Hayek, Anthony","CORP\ahayek",,"False","False","False","Never","Expires at: Tuesday, January 06, 2015"
"ahenry","Henry, Andrew","CORP\ahenry",,"False","False","False","Never","Expires at: Monday, December 29, 2014"
"ahughes","Hughes, Andrew","CORP\ahughes",,"False","False","False","Never","Expires at: Sunday, January 11, 2015"
"akarikes","Karikeshamma, Ambika","CORP\akarikes",,"False","False","False","End of: Tuesday, March 31, 2015","Expires at: Sunday, February 15, 2015"
"akodiya","Kodiya, Aklank","CORP\akodiya",,"False","False","False","Never","Expires at: Sunday, February 08, 2015"
"alindsey","Lindsey, Ann","CORP\alindsey",,"False","False","False","End of: Tuesday, March 31, 2015","Expires at: Tuesday, March 03, 2015"
"amacfar","McFarland, August","CORP\amacfar",,"False","False","False","End of: Wednesday, December 31, 2014","Expires at: Sunday, March 22, 2015"
"amandel","Mandal, Amit","CORP\amandel",,"False","False","False","Never","Expires at: Sunday, January 11, 2015"
"amclaugh","McLaughlin, Auvel","CORP\amclaugh",,"False","False","False","End of: Tuesday, March 31, 2015","Expires at: Sunday, January 11, 2015"
"andpeel","Peel, Andrew","CORP\andpeel",,"False","False","False","Never","Expires at: Thursday, January 08, 2015"
"anjohn","John, Aneela","CORP\anjohn",,"False","False","False","End of: Wednesday, December 31, 2014","Expires at: Sunday, March 15, 2015"
"anosik","Nosik, Alexey","CORP\anosik",,"False","False","False","End of: Tuesday, March 31, 2015","Expires at: Sunday, March 22, 2015"
"anujj","Jain, Anuj","CORP\anujj",,"False","False","False","End of: Tuesday, March 31, 2015","Expires at: Tuesday, February 10, 2015"
"aosche","Oschepkov, Anton","CORP\aosche",,"False","False","False","End of: Tuesday, March 31, 2015","Expires at: Thursday, January 08, 2015"
"apasha","Pasha, Areef","CORP\apasha",,"False","False","False","End of: Tuesday, March 31, 2015","Expires at: Thursday, February 26, 2015"
"apokade","Pokade, Amrita","CORP\apokade",,"False","False","True","End of: Tuesday, March 31, 2015","Expired"
"aprasad","Prasad, Ashish","CORP\aprasad",,"False","False","False","End of: Tuesday, March 31, 2015","Expires at: Saturday, February 07, 2015"
"arajput","Rajput, Ashish","CORP\arajput",,"False","False","False","End of: Tuesday, March 31, 2015","Expires at: Tuesday, March 10, 2015"
"areeder","Reeder, Andrew","CORP\areeder",,"False","False","False","Never","Expires at: Wednesday, January 28, 2015"
"arhynes","Rhynes, Andrian","CORP\arhynes",,"False","False","False","End of: Wednesday, December 31, 2014","Expires at: Sunday, February 22, 2015"
"ashaik","Shaik, Allabaksh","CORP\ashaik",,"False","False","False","End of: Tuesday, March 31, 2015","Expires at: Sunday, March 22, 2015"
"asharma","Sharma, AJ","CORP\asharma",,"False","False","False","Never","Expires at: Sunday, December 28, 2014"
"asteiner","Steiner, Alfred","CORP\asteiner",,"False","False","False","End of: Tuesday, March 31, 2015","Expires at: Sunday, February 08, 2015"
"awester","Westerman, Amy","CORP\awester",,"False","False","False","End of: Tuesday, March 31, 2015","Expires at: Wednesday, February 18, 2015"
"banalemi","Michael Banales","CORP\banalemi",,"False","False","False","Never","Expires at: Wednesday, January 14, 2015"
"barora","Arora, Barkha","CORP\barora",,"False","False","False","End of: Tuesday, March 31, 2015","Expires at: Tuesday, January 27, 2015"
"bbarra","Barra, Brian","CORP\bbarra",,"False","False","False","End of: Wednesday, December 31, 2014","Expires at: Sunday, February 22, 2015"
"bbelal","Belal, Bma","CORP\bbelal",,"False","False","False","End of: Tuesday, March 31, 2015","Expires at: Tuesday, March 17, 2015"
"bbouknig","Bouknight, Britt","CORP\bbouknig",,"False","False","False","Never","Expires at: Monday, March 09, 2015"
"bcavan","Cavan, Brent Nash","CORP\bcavan",,"False","False","False","Never","Expires at: Thursday, March 19, 2015"
"bcorbett","Corbett, Benjamin","CORP\bcorbett",,"False","False","False","Never","Expires at: Sunday, January 04, 2015"
"bmackenz","MacKenzie, Brian","CORP\bmackenz",,"False","False","True","End of: Tuesday, March 31, 2015","Expired"
"bsansone","Sansone, Brandy","CORP\bsansone",,"False","False","False","Never","Expires at: Sunday, January 25, 2015"
"btripp","Tripp, Brian","CORP\btripp",,"False","False","False","Never","Expires at: Sunday, March 01, 2015"
"bvargh","Vargheese, Biju","CORP\bvargh",,"False","False","False","End of: Wednesday, December 31, 2014","Expires at: Saturday, March 21, 2015"
"cadcock","Adcock, Carolyn","CORP\cadcock",,"False","False","False","Never","Expires at: Monday, March 02, 2015"
"cklaiber","Klaiber, Chris","CORP\cklaiber",,"False","False","False","End of: Tuesday, March 31, 2015","Expires at: Sunday, March 15, 2015"
"clambert","Lambert, Chrystie","CORP\clambert",,"False","False","False","Never","Expires at: Sunday, January 04, 2015"
"cldbad","Badvelu, Anith","CORP\cldbad",,"False","False","False","Never","Expires at: Monday, February 16, 2015"
"cldbri","Bristow, Ian","CORP\cldbri",,"False","False","False","Never","Expires at: Sunday, March 08, 2015"
"cldcuy","Curry, Joanne","CORP\cldcuy",,"False","False","False","Never","Expires at: Thursday, March 19, 2015"
"cldfor","Forbes, Dorothy","CORP\cldfor",,"False","False","False","Never","Expires at: Sunday, March 08, 2015"
"cldgwi","Gwiazda, Joyce","CORP\cldgwi",,"False","False","False","Never","Expires at: Thursday, February 12, 2015"
"cldley","Leyrer, Richard","CORP\cldley",,"False","False","False","Never","Expires at: Sunday, February 22, 2015"
"cldlob","Lobman, Jeffrey","CORP\cldlob",,"False","False","False","Never","Expires at: Sunday, January 25, 2015"
"cldnis","Perea, Ancuta","CORP\cldnis",,"False","False","False","Never","Expires at: Tuesday, March 10, 2015"
"cldsul","Sullivan, Karen","CORP\cldsul",,"False","False","False","Never","Expires at: Sunday, February 01, 2015"
"cldwak","Walker, Gwen","CORP\cldwak",,"False","False","True","Never","Expired"
"cmorgan","Morgan, Colby","CORP\cmorgan",,"False","False","False","Never","Expires at: Monday, February 16, 2015"
"csangar","Sangar, Chinmoy","CORP\csangar",,"False","False","False","End of: Tuesday, March 31, 2015","Expires at: Tuesday, March 10, 2015"
"cwheeler","Wheeler, Christina","CORP\cwheeler",,"False","False","True","Never","Expired"
"cwilliam","Williamson, Charlene","CORP\cwilliam",,"False","False","False","Never","Expires at: Tuesday, January 13, 2015"
"dcargo","Cargo, David","CORP\dcargo",,"False","False","False","Never","Expires at: Sunday, March 08, 2015"
"dcherny","Chernyaev, Dmitry","CORP\dcherny",,"False","False","False","End of: Tuesday, March 31, 2015","Expires at: Saturday, February 14, 2015"
"dcute","Cute, Dianna","CORP\dcute",,"False","False","False","End of: Tuesday, March 31, 2015","Expires at: Wednesday, February 04, 2015"
"debpal","Pal, Debaleena","CORP\debpal",,"False","False","False","End of: Tuesday, March 31, 2015","Expires at: Monday, January 26, 2015"
"dekumar","Kumar, Deepika","CORP\dekumar",,"False","False","False","End of: Monday, March 30, 2015","Expires at: Wednesday, March 18, 2015"
"devreddy","Reddy, Devender","CORP\devreddy",,"False","False","False","End of: Tuesday, March 31, 2015","Expires at: Sunday, January 18, 2015"
"dgarza","Garza, Darrin","CORP\dgarza",,"False","False","False","End of: Wednesday, December 31, 2014","Expires at: Monday, February 09, 2015"
"dgordon","Gordon, Dewayne","CORP\dgordon",,"False","False","False","Never","Expires at: Wednesday, January 21, 2015"
"dhiravi","Ravi, Dhinakar","CORP\dhiravi",,"False","False","False","End of: Tuesday, March 31, 2015","Expires at: Sunday, January 18, 2015"
"dholland","Hollander, Dave","CORP\dholland",,"False","False","False","End of: Tuesday, March 31, 2015","Expires at: Sunday, March 01, 2015"
"dkumar","Kumar, Dhanesh","CORP\dkumar",,"False","False","False","End of: Tuesday, March 31, 2015","Expires at: Monday, March 23, 2015"
"dmanning","Manning, David","CORP\dmanning",,"False","False","False","Never","Expires at: Sunday, January 11, 2015"
"dnigro","Nigro, Donald","CORP\dnigro",,"False","False","False","Never","Expires at: Thursday, March 05, 2015"
"dnikolae","Nikolaev, Dmitriy","CORP\dnikolae",,"False","False","False","End of: Tuesday, March 31, 2015","Expires at: Monday, December 29, 2014"
"dpeddi","Peddi, Dinesh","CORP\dpeddi",,"False","False","False","End of: Tuesday, March 31, 2015","Expires at: Friday, January 02, 2015"
"droberts","Roberts, Dave","CORP\droberts",,"False","False","False","End of: Tuesday, March 31, 2015","Expires at: Wednesday, February 04, 2015"
"dsavic","Savic, Dejan","CORP\dsavic",,"False","False","False","End of: Tuesday, March 31, 2015","Expires at: Monday, March 09, 2015"
"dsuda","Suda, Donnie","CORP\dsuda",,"False","False","False","Never","Expires at: Friday, March 13, 2015"
"durandjo","John Durand","CORP\durandjo",,"False","False","False","Never","Expires at: Sunday, January 11, 2015"
"dvenezia","Venezia, Dominic","CORP\dvenezia",,"False","False","False","Never","Expires at: Tuesday, January 27, 2015"
"dverma","Verma, Deepti","CORP\dverma",,"False","False","False","End of: Tuesday, March 31, 2015","Expires at: Wednesday, January 14, 2015"
"eniehaus","Niehaus, Eva","CORP\eniehaus",,"False","False","False","End of: Wednesday, December 31, 2014","Expires at: Monday, February 23, 2015"
"eoxner","Oxner, Earle","CORP\eoxner",,"False","False","False","Never","Expires at: Sunday, March 22, 2015"
"epileggi","Pileggi, Elisa","CORP\epileggi",,"False","False","False","Never","Expires at: Sunday, January 04, 2015"
"ewalsh","Grimes, Eileen","CORP\ewalsh",,"False","False","False","Never","Expires at: Sunday, February 01, 2015"
"eward","Ward, Ethan","CORP\eward",,"False","False","True","Never","Expired"
"fgerhard","Gerhardt, Frank","CORP\fgerhard",,"False","False","False","End of: Wednesday, December 31, 2014","Expires at: Monday, March 16, 2015"
"friedmad","Friedman, Adam","CORP\friedmad",,"False","False","False","Never","Expires at: Thursday, January 29, 2015"
"ggollapa","Gollapallem, Giribabu","CORP\ggollapa",,"False","False","False","End of: Tuesday, March 31, 2015","Expires at: Monday, March 02, 2015"
"gkodis","Kodis, George","CORP\gkodis",,"False","False","False","End of: Tuesday, March 31, 2015","Expires at: Monday, January 05, 2015"
"GKuppusw","Kuppuswamy, Gopinath","CORP\GKuppusw",,"False","False","False","End of: Wednesday, December 31, 2014","Expires at: Wednesday, February 18, 2015"
"gmarella","Marella, Gayatri","CORP\gmarella",,"False","True","True","Expired","Expired"
"gosure","Sure, Gopi","CORP\gosure",,"False","False","False","End of: Tuesday, March 31, 2015","Expires at: Sunday, January 18, 2015"
"graamasw","Raamaswamy, Gurumoorthy","CORP\graamasw",,"False","False","True","End of: Tuesday, March 31, 2015","Expired"
"gsipman","Sipman, Gary","CORP\gsipman",,"False","False","False","Never","Expires at: Thursday, January 22, 2015"
"hdesai","Desai, Himanshu","CORP\hdesai",,"False","False","False","End of: Tuesday, March 31, 2015","Expires at: Monday, March 16, 2015"
"hfiorent","Fiorentino, Harry","CORP\hfiorent",,"False","False","False","End of: Tuesday, March 31, 2015","Expires at: Sunday, January 25, 2015"
"hgulati","Gulati, Hemant","CORP\hgulati",,"False","False","False","End of: Tuesday, March 31, 2015","Expires at: Sunday, February 08, 2015"
"hmontgom","Montgomery, Heather","CORP\hmontgom",,"False","False","False","End of: Monday, March 30, 2015","Expires at: Thursday, March 19, 2015"
"hoppbr","Brett Hopp","CORP\hoppbr",,"False","False","False","Never","Expires at: Sunday, February 22, 2015"
"hvorugan","Voruganti, Hareesh","CORP\hvorugan",,"False","False","False","End of: Tuesday, March 31, 2015","Expires at: Sunday, March 08, 2015"
"hwalker","Walker, Helen","CORP\hwalker",,"False","False","False","Never","Expires at: Saturday, February 21, 2015"
"ialibaig","Ali Baig, Ismail","CORP\ialibaig",,"False","False","True","End of: Tuesday, March 31, 2015","Expired"
"ikalley","Kalley, Ida","CORP\ikalley",,"False","False","False","End of: Tuesday, March 31, 2015","Expires at: Wednesday, March 04, 2015"
"inaler","Lerro, Michael","CORP\inaler",,"False","False","False","Never","Expires at: Sunday, March 22, 2015"
"inasch","Schultz, Jennifer","CORP\inasch",,"False","False","False","Never","Expires at: Tuesday, January 13, 2015"
"insdee","Deeming, Frances","CORP\insdee",,"False","False","False","Never","Expires at: Tuesday, February 17, 2015"
"inshul","Newman, Carolyn","CORP\inshul",,"False","False","False","Never","Expires at: Tuesday, December 30, 2014"
"inskin","King, Charmagne","CORP\inskin",,"False","False","False","Never","Expires at: Sunday, January 18, 2015"
"insmor","Moorhead, Glenn","CORP\insmor",,"False","False","False","Never","Expires at: Thursday, February 19, 2015"
"ischulma","Shulman, Igor","CORP\ischulma",,"False","False","False","Never","Expires at: Sunday, February 15, 2015"
"jbomersb","Bomersbach, Jonas","CORP\jbomersb",,"False","False","False","Never","Expires at: Sunday, December 28, 2014"
"jbraver","Braverman, Jeff","CORP\jbraver",,"False","False","False","End of: Tuesday, February 10, 2015","Expires at: Sunday, February 08, 2015"
"jburling","Burlinghaus, Jeff","CORP\jburling",,"False","False","False","End of: Tuesday, March 31, 2015","Expires at: Thursday, March 19, 2015"
"jguarino","Guarino, Joseph","CORP\jguarino",,"False","False","True","Never","Expired"
"jhawkins","Hawkins, Jerard","CORP\jhawkins",,"False","False","False","Never","Expires at: Thursday, January 08, 2015"
"jhendric","Hendrickson, Jonathan","CORP\jhendric",,"False","False","False","Never","Expires at: Sunday, March 01, 2015"
"jhicks","Hicks, Jonise","CORP\jhicks",,"False","False","False","End of: Tuesday, March 31, 2015","Expires at: Tuesday, March 03, 2015"
"jimott","Ott, Jimmie","CORP\jimott",,"False","False","False","End of: Wednesday, December 31, 2014","User must change password at next logon."
"jlagdan","Lagdan, Jessica","CORP\jlagdan",,"False","False","False","End of: Tuesday, March 31, 2015","Expires at: Tuesday, January 06, 2015"
"jmukka","Mukka, Jayakrishna","CORP\jmukka",,"False","False","False","End of: Tuesday, March 31, 2015","Expires at: Thursday, March 05, 2015"
"joliver","Oliver, Jerry","CORP\joliver",,"False","False","True","End of: Wednesday, December 31, 2014","Expired"
"jpolu","Polu, Jagadeesh","CORP\jpolu",,"False","False","False","End of: Tuesday, March 31, 2015","Expires at: Sunday, March 15, 2015"
"jponder","Ponder, Johnny","CORP\jponder",,"False","False","True","Never","Expired"
"jpopolan","Popolano, Jonathan","CORP\jpopolan",,"False","False","False","Never","Expires at: Thursday, March 12, 2015"
"jromansk","Romanski, Jared","CORP\jromansk",,"False","False","False","Never","Expires at: Sunday, March 22, 2015"
"jthomas","Thomas, Jency","CORP\jthomas",,"False","False","False","End of: Tuesday, March 31, 2015","Expires at: Sunday, January 25, 2015"
"jtoney","Toney, Jennifer","CORP\jtoney",,"False","False","False","End of: Tuesday, March 31, 2015","Expires at: Thursday, March 19, 2015"
"jwerner","Werner, Jason","CORP\jwerner",,"False","False","False","Never","Expires at: Thursday, February 19, 2015"
"jyamona","Yamona, John","CORP\jyamona",,"False","False","False","Never","Expires at: Monday, March 09, 2015"
"kayyavoo","Ayyavoo, Karthikeyan","CORP\kayyavoo",,"False","False","False","End of: Tuesday, March 31, 2015","Expires at: Thursday, February 12, 2015"
"kbair","Bair, Katherine","CORP\kbair",,"False","False","False","Never","Expires at: Wednesday, March 18, 2015"
"kbhasin","Bhasin, Karan","CORP\kbhasin",,"False","False","False","End of: Tuesday, March 31, 2015","Expires at: Sunday, February 22, 2015"
"kdeol","Deol, Kapil","CORP\kdeol",,"False","False","False","End of: Tuesday, March 31, 2015","Expires at: Tuesday, March 10, 2015"
"kgolden","Golden, Ken","CORP\kgolden",,"False","False","False","End of: Tuesday, March 31, 2015","Expires at: Sunday, March 15, 2015"
"kjohnson","Johnson, Kristina","CORP\kjohnson",,"False","False","False","End of: Wednesday, December 31, 2014","Expires at: Sunday, February 22, 2015"
"klohit","Lohit, Karishma","CORP\klohit",,"False","False","False","End of: Tuesday, March 31, 2015","Expires at: Sunday, March 15, 2015"
"klu","Lu, Kathy","CORP\klu",,"False","False","False","Never","Expires at: Sunday, December 28, 2014"
"KMiklau","Miklau, Karen","CORP\KMiklau",,"False","False","True","Never","Expired"
"kmurphy","Murphy, Kevin","CORP\kmurphy",,"False","False","False","Never","Expires at: Sunday, January 04, 2015"
"kpatel","Patel, Kinjalkumar","CORP\kpatel",,"False","False","False","Never","Expires at: Sunday, January 18, 2015"
"kpenum","Penumalla, Karthik","CORP\kpenum",,"False","False","False","End of: Tuesday, March 31, 2015","Expires at: Wednesday, February 11, 2015"
"ksaxena","Saxena, Kamini","CORP\ksaxena",,"False","False","False","End of: Tuesday, March 31, 2015","Expires at: Wednesday, February 04, 2015"
"ksreedha","Sreedharan, Kavitha","CORP\ksreedha",,"False","False","False","Never","Expires at: Thursday, March 12, 2015"
"ktimmasa","Timmasarti, Karteek","CORP\ktimmasa",,"False","False","False","End of: Tuesday, March 31, 2015","Expires at: Friday, February 13, 2015"
"ktummala","Tummala, Krishna","CORP\ktummala",,"False","False","False","End of: Tuesday, March 31, 2015","Expires at: Wednesday, January 14, 2015"
"ktung","Tung, Ken","CORP\ktung",,"False","False","True","End of: Wednesday, December 31, 2014","Expired"
"ktyagi","Anjani Tyagi, Kunwar","CORP\ktyagi",,"False","False","False","End of: Tuesday, March 31, 2015","Expires at: Sunday, March 08, 2015"
"kumarr","Kumar, Ravi","CORP\kumarr",,"False","False","False","End of: Tuesday, March 31, 2015","Expires at: Tuesday, December 30, 2014"
"lahuja","Ahuja, Lalit","CORP\lahuja",,"False","False","False","End of: Tuesday, March 31, 2015","Expires at: Tuesday, January 13, 2015"
"lbaviset","Bavisetti, Lalitha","CORP\lbaviset",,"False","False","False","End of: Tuesday, March 31, 2015","Expires at: Sunday, February 01, 2015"
"lbyalsky","Byalsky, Ludmila","CORP\lbyalsky",,"False","False","False","Never","Expires at: Sunday, December 28, 2014"
"ldanison","Danison,Laurie","CORP\ldanison",,"False","False","False","Never","Expires at: Monday, March 09, 2015"
"lgreene","Greene, Lucinda","CORP\lgreene",,"False","False","False","Never","Expires at: Sunday, March 08, 2015"
"lkeough","Keough, Lawrence","CORP\lkeough",,"False","True","True","Expired","Expired"
"lkonkoly","Konkoly, Leslie","CORP\lkonkoly",,"False","False","False","Never","Expires at: Thursday, February 05, 2015"
"lkottha","Kottha, Lava","CORP\lkottha",,"False","False","False","End of: Tuesday, March 31, 2015","Expires at: Thursday, March 12, 2015"
"lkrislsk","Krislasky, Lena","CORP\lkrislsk",,"False","False","False","End of: Wednesday, December 31, 2014","Expires at: Sunday, March 15, 2015"
"llinder","Linder, Louis","CORP\llinder",,"False","False","False","End of: Tuesday, March 31, 2015","Expires at: Monday, February 16, 2015"
"llong","Long, Lorie","CORP\llong",,"False","False","False","End of: Wednesday, December 31, 2014","Expires at: Monday, January 12, 2015"
"lsmith","Smith, Lafayette","CORP\lsmith",,"False","False","False","Never","Expires at: Sunday, March 01, 2015"
"lwapnits","Wapnitsky, Larry","CORP\lwapnits",,"False","False","False","Never","Expires at: Tuesday, March 03, 2015"
"mafshan","Afshan, Moud","CORP\mafshan",,"False","False","False","Never","Expires at: Sunday, February 08, 2015"
"marezina","Arezina, Matt","CORP\marezina",,"False","False","False","End of: Tuesday, March 31, 2015","Expires at: Sunday, March 15, 2015"
"mbaig","Baig, Mirza","CORP\mbaig",,"False","False","False","Never","Expires at: Tuesday, February 03, 2015"
"mbomma","Bomma, Murali","CORP\mbomma",,"False","False","False","End of: Tuesday, March 31, 2015","Expires at: Sunday, March 08, 2015"
"mchockal","Chockalingam, Mani","CORP\mchockal",,"False","False","False","End of: Tuesday, March 31, 2015","Expires at: Monday, January 26, 2015"
"mchomyn","Chomyn, Mary","CORP\mchomyn",,"False","False","False","Never","Expires at: Sunday, March 15, 2015"
"mderitis","DeRitis, Marisa","CORP\mderitis",,"False","False","False","Never","Expires at: Monday, January 12, 2015"
"mgannon","Gannon, Michael","CORP\mgannon",,"False","False","False","Never","Expires at: Monday, January 05, 2015"
"mgazi","Gazi, Mohiuddin","CORP\mgazi",,"False","False","False","End of: Tuesday, March 31, 2015","Expires at: Wednesday, January 07, 2015"
"mjovic","Jovic, Marko","CORP\mjovic",,"False","False","False","End of: Tuesday, March 31, 2015","Expires at: Sunday, March 08, 2015"
"mkalakot","Kalakota, Madhupriya","CORP\mkalakot",,"False","False","False","End of: Tuesday, March 31, 2015","Expires at: Wednesday, February 11, 2015"
"mkhan","Ilyas Khan, Mohammed","CORP\mkhan",,"False","False","False","End of: Tuesday, March 31, 2015","Expires at: Wednesday, February 25, 2015"
"mpetry","Petry, Mark","CORP\mpetry",,"False","False","False","Never","Expires at: Sunday, February 08, 2015"
"mponnaga","Ponnaganti, MohanaRao","CORP\mponnaga",,"False","False","False","End of: Tuesday, March 31, 2015","Expires at: Tuesday, March 10, 2015"
"mqayoom","Qayoom, Mohammed","CORP\mqayoom",,"False","False","False","End of: Tuesday, March 31, 2015","Expires at: Tuesday, February 17, 2015"
"mseagrav","Seagraves, Michael","CORP\mseagrav",,"False","False","False","Never","Expires at: Monday, February 16, 2015"
"mswamina","Swaminathan, Mani","CORP\mswamina",,"False","False","False","End of: Tuesday, March 31, 2015","Expires at: Thursday, March 12, 2015"
"mtadim","Tadimeti, Manish","CORP\mtadim",,"False","False","False","End of: Tuesday, March 31, 2015","Expires at: Tuesday, February 03, 2015"
"mthota","Thota, Mahesh","CORP\mthota",,"False","False","False","End of: Tuesday, March 31, 2015","Expires at: Monday, March 02, 2015"
"mtiwari","Tiwari, Mayank","CORP\mtiwari",,"False","False","False","End of: Tuesday, March 31, 2015","Expires at: Wednesday, February 18, 2015"
"mvenafra","Venafra, Mike","CORP\mvenafra",,"False","False","False","Never","Expires at: Sunday, January 25, 2015"
"narora","Arora, Nishtha","CORP\narora",,"False","False","False","End of: Tuesday, March 31, 2015","Expires at: Sunday, March 15, 2015"
"nbhambha","Bhambhani, Neha","CORP\nbhambha",,"False","False","False","End of: Tuesday, March 31, 2015","Expires at: Monday, February 02, 2015"
"nchoudhary","Choudhary, Nikunj","CORP\nchoudhary",,"False","False","False","End of: Tuesday, March 31, 2015","Expires at: Tuesday, January 06, 2015"
"nellis","Ellis, Nicole","CORP\nellis",,"False","False","False","Never","Expires at: Wednesday, February 18, 2015"
"nholmes","Holmes, Neil","CORP\nholmes",,"False","False","False","Never","Expires at: Sunday, January 18, 2015"
"nkumar","Kumar, Navaneeth","CORP\nkumar",,"False","False","False","End of: Tuesday, March 31, 2015","Expires at: Sunday, January 25, 2015"
"nnikabad","Nikabadze, Nika","CORP\nnikabad",,"False","False","False","End of: Tuesday, March 31, 2015","Expires at: Monday, January 05, 2015"
"ntukunt","Tukuntla, Nandakishore","CORP\ntukunt",,"False","False","False","End of: Tuesday, March 31, 2015","Expires at: Sunday, March 08, 2015"
"nwong","Wong, Noma","CORP\nwong",,"False","False","False","End of: Wednesday, December 31, 2014","Expires at: Sunday, January 18, 2015"
"oshukhin","Shukhin, Olga","CORP\oshukhin",,"False","False","False","Never","Expires at: Sunday, January 25, 2015"
"pagarwal","Agrawal, Payal","CORP\pagarwal",,"False","False","False","End of: Tuesday, March 31, 2015","Expires at: Tuesday, January 13, 2015"
"parthasa","Parthasarathi, Pallavi","CORP\parthasa",,"False","False","False","Never","Expires at: Wednesday, February 18, 2015"
"pcharlto","Charlton, Peter","CORP\pcharlto",,"False","False","False","Never","Expires at: Sunday, March 15, 2015"
"pcoffin","Coffin, Philip","CORP\pcoffin",,"False","False","False","End of: Wednesday, December 31, 2014","Expires at: Monday, February 16, 2015"
"pdickson","Dickson, Patrick","CORP\pdickson",,"False","False","False","Never","Expires at: Sunday, January 04, 2015"
"pgowda","Gowda, Pradyumna","CORP\pgowda",,"False","False","False","End of: Tuesday, March 31, 2015","Expires at: Monday, March 02, 2015"
"pguruaji","Gururajan, Prabhu","CORP\pguruaji",,"False","False","False","End of: Tuesday, March 31, 2015","Expires at: Wednesday, March 04, 2015"
"pkamara","Kamaraj, Preethi","CORP\pkamara",,"False","False","False","End of: Tuesday, March 31, 2015","Expires at: Thursday, March 12, 2015"
"pkretzu","Kretzu, Peter","CORP\pkretzu",,"False","False","False","Never","Expires at: Wednesday, January 28, 2015"
"pmaddali","Maddali, Prakash","CORP\pmaddali",,"False","False","False","End of: Tuesday, March 31, 2015","Expires at: Wednesday, February 25, 2015"
"postmaster","postmaster","CORP\postmaster",,"False","False","False","Never","Password never expires"
"pshrivas","Shrivastava, Priyanka","CORP\pshrivas",,"False","False","False","End of: Tuesday, March 31, 2015","Expires at: Sunday, March 22, 2015"
"ptripath","Tripathi, Pallavi","CORP\ptripath",,"False","False","False","End of: Tuesday, March 31, 2015","Expires at: Sunday, January 11, 2015"
"pvedanth","Vedantham, Padma Bhushan","CORP\pvedanth",,"False","False","True","End of: Tuesday, March 31, 2015","Expired"
"pvenumba","Venumbaka, Pradeep","CORP\pvenumba",,"False","False","False","Never","Expires at: Sunday, March 15, 2015"
"raverma","Verma, Rajiv","CORP\raverma",,"False","False","False","End of: Tuesday, March 31, 2015","Expires at: Thursday, February 19, 2015"
"rdobhal","Dobhal, Richa","CORP\rdobhal",,"False","False","False","End of: Wednesday, December 31, 2014","Expires at: Monday, January 19, 2015"
"reghez","Heitz, Jason","CORP\reghez",,"False","False","False","Never","Expires at: Sunday, January 04, 2015"
"REGKOO","Koonce, M. Charles","CORP\REGKOO",,"False","False","False","Never","Expires at: Sunday, March 15, 2015"
"rfernand","Fernandez, Rebecca","CORP\rfernand",,"False","False","True","Never","Expired"
"rgoyal","Goyal, Rohit","CORP\rgoyal",,"False","False","False","End of: Tuesday, March 31, 2015","Expires at: Tuesday, February 03, 2015"
"rhendric","Hendricks, Ryan","CORP\rhendric",,"False","False","False","End of: Wednesday, December 31, 2014","Expires at: Sunday, January 25, 2015"
"rhinson","Hinson, Rodney","CORP\rhinson",,"False","False","False","Never","Expires at: Tuesday, January 20, 2015"
"rkannan","Kannan, Ramkumar","CORP\rkannan",,"False","False","False","End of: Tuesday, March 31, 2015","Expires at: Thursday, January 01, 2015"
"rkhandur","Khanduri, Rakesh","CORP\rkhandur",,"False","False","False","End of: Tuesday, March 31, 2015","Expires at: Sunday, February 22, 2015"
"rkora","Kora, Rambabu","CORP\rkora",,"False","True","True","Expired","Expired"
"rmetla","Metla, Ramadas","CORP\rmetla",,"False","False","False","End of: Monday, March 30, 2015","Expires at: Wednesday, March 18, 2015"
"rnagaraj","Nagarajan, Rajesh","CORP\rnagaraj",,"False","False","False","End of: Tuesday, March 31, 2015","Expires at: Sunday, February 22, 2015"
"rnarippe","Naripella, Rahul","CORP\rnarippe",,"False","False","False","End of: Tuesday, March 31, 2015","Expires at: Friday, March 06, 2015"
"robinsol","Robinson, Lynne","CORP\robinsol",,"False","False","False","End of: Tuesday, March 31, 2015","Expires at: Wednesday, March 11, 2015"
"rohgupta","Gupta, Rohit","CORP\rohgupta",,"False","False","False","Never","Expires at: Saturday, February 28, 2015"
"rpick","Pick, Robert","CORP\rpick",,"False","False","False","Never","Expires at: Monday, March 09, 2015"
"RptOnCall","Reporting On Call Support","CORP\RptOnCall",,"False","False","False","Never","Password never expires"
"rrampall","Rampalli, Ramesh","CORP\rrampall",,"False","False","False","End of: Tuesday, March 31, 2015","Expires at: Monday, December 29, 2014"
"rschmalz","Schmalzrid, Richard","CORP\rschmalz",,"False","False","False","End of: Wednesday, December 31, 2014","Expires at: Saturday, February 14, 2015"
"rveerami","Veeramani, Ram","CORP\rveerami",,"False","True","False","Expired","Expires at: Sunday, December 28, 2014"
"s00cogmigrate","s00cogmigrate","CORP\s00cogmigrate",,"False","False","False","Never","Password never expires"
"s00cognos","s00cognos","CORP\s00cognos",,"False","False","False","Never","Password never expires"
"s00epoadmin","s00epoadmin","CORP\s00epoadmin",,"False","False","False","Never","Password never expires"
"s00GuidewireJBOSS","s00GuidewireJBOSS","CORP\s00GuidewireJBOSS",,"False","False","False","Never","Password never expires"
"s00igDirAdmin","s00igDirAdmin","CORP\s00igDirAdmin",,"False","False","False","Never","Password never expires"
"s00igPolicy","s00igPolicy","CORP\s00igPolicy",,"False","False","False","Never","Password never expires"
"s00igSSMinternal","s00igSSMinternal","CORP\s00igSSMinternal",,"False","False","False","Never","Password never expires"
"s00insys","s00insys","CORP\s00insys",,"False","False","False","Never","Password never expires"
"s00irvd","s00irvd","CORP\s00irvd",,"False","False","False","Never","Password never expires"
"s00ldap_acs","s00ldap_acs","CORP\s00ldap_acs",,"False","False","False","Never","Password never expires"
"s00ldap_CiscoUCM","s00ldap_CiscoUCM","CORP\s00ldap_CiscoUCM",,"False","False","False","Never","Password never expires"
"s00ldap_emc","s00ldap_emc","CORP\s00ldap_emc",,"False","False","False","Never","Password never expires"
"s00ldap_footprints","s00ldap_footprints","CORP\s00ldap_footprints",,"False","False","False","Never","Password never expires"
"s00ldap_linux_proxy","s00ldap_linux_proxy","CORP\s00ldap_linux_proxy",,"False","False","False","Never","Password never expires"
"s00leostream","s00leostream","CORP\s00leostream",,"False","False","False","Never","Password never expires"
"s00magadmin","s00magadmin","CORP\s00magadmin",,"False","False","False","Never","Password never expires"
"s00migrator","s00migrator","CORP\s00migrator",,"False","False","False","Never","Password never expires"
"s00mmtarget","s00mmtarget","CORP\s00mmtarget",,"False","False","False","Never","Password never expires"
"s00PFRPL","s00PFRPL","CORP\s00PFRPL",,"False","False","False","Never","Password never expires"
"s00ravpnadmin","s00ravpnadmin","CORP\s00ravpnadmin",,"False","False","False","Never","Password never expires"
"s00SailPoint","s00SailPoint","CORP\s00SailPoint",,"False","False","False","Never","Password never expires"
"s00spteamtmnasap","s00spteamtmnasap","CORP\s00spteamtmnasap",,"False","False","False","Never","Password never expires"
"s00sptmnasap","s00sptmnasap","CORP\s00sptmnasap",,"False","False","False","Never","Password never expires"
"s00sptmnasap_devqa","s00sptmnasap_devqa","CORP\s00sptmnasap_devqa",,"False","False","False","Never","Password never expires"
"s00spttmnasap_devqa","s00spttmnasap_devqa","CORP\s00spttmnasap_devqa",,"False","False","False","Never","Password never expires"
"s00svc_xenapp","s00svc_xenapp","CORP\s00svc_xenapp",,"False","False","False","Never","Password never expires"
"s00svcdms","s00svcdms","CORP\s00svcdms",,"False","False","False","Never","Password never expires"
"s00uagmgr","s00UAGMGR","CORP\s00uagmgr",,"False","False","False","Never","Password never expires"
"s00videoconf","s00videoconf","CORP\s00videoconf",,"False","False","False","Never","Password never expires"
"s00videoconf1","s00videoconf1","CORP\s00videoconf1",,"False","False","False","Never","Password never expires"
"s00videoconf2","s00videoconf2","CORP\s00videoconf2",,"False","False","False","Never","Password never expires"
"s00videoconf3","s00videoconf3","CORP\s00videoconf3",,"False","False","False","Never","Password never expires"
"s00videoconf4","s00videoconf4","CORP\s00videoconf4",,"False","False","False","Never","Password never expires"
"s00vmturbo","s00vmturbo","CORP\s00vmturbo",,"False","False","False","Never","Password never expires"
"s01PATH_SCRN_MAINT","s01PATH_SCRN_MAINT","CORP\s01PATH_SCRN_MAINT",,"False","False","False","Never","Password never expires"
"s01videoconf","s01videoconf","CORP\s01videoconf",,"False","False","False","Never","Password never expires"
"s02videoconf","s02videoconf","CORP\s02videoconf",,"False","False","False","Never","Password never expires"
"saikumar","Kumar, Sai","CORP\saikumar",,"False","False","False","End of: Tuesday, March 31, 2015","Expires at: Wednesday, February 18, 2015"
"sakhter","Akhter, Sheuly","CORP\sakhter",,"False","False","False","End of: Monday, March 30, 2015","Expires at: Thursday, March 19, 2015"
"salsho","Shoemaker, Martha","CORP\salsho",,"False","False","False","End of: Tuesday, March 31, 2015","Expires at: Monday, January 05, 2015"
"sanand","Anand, Shivangi","CORP\sanand",,"False","False","False","End of: Tuesday, March 31, 2015","Expires at: Monday, February 09, 2015"
"sbhaskar","Bhaskaran, Sandeep","CORP\sbhaskar",,"False","False","False","End of: Tuesday, March 31, 2015","Expires at: Sunday, March 22, 2015"
"sbowman","Bowman, Steven","CORP\sbowman",,"False","False","False","Never","Expires at: Sunday, February 22, 2015"
"schennu","Chennu, Srilakshmi","CORP\schennu",,"False","False","False","End of: Tuesday, March 31, 2015","Expires at: Monday, December 29, 2014"
"schowdar","Chowdary, Sri","CORP\schowdar",,"False","False","False","End of: Tuesday, March 31, 2015","Expires at: Thursday, February 19, 2015"
"sdanasek","Danasekaran, Sureshkumar","CORP\sdanasek",,"False","False","False","End of: Tuesday, March 31, 2015","Expires at: Sunday, March 22, 2015"
"sdendurl","Dendurluri, Srinivas","CORP\sdendurl",,"False","False","False","End of: Tuesday, March 31, 2015","Expires at: Sunday, January 11, 2015"
"sgall","Galla,Shankar","CORP\sgall",,"False","False","False","Never","Expires at: Sunday, January 25, 2015"
"sgeorge","George, Sanju","CORP\sgeorge",,"False","False","False","End of: Tuesday, March 31, 2015","Expires at: Thursday, February 05, 2015"
"sgill","Gill, Steve","CORP\sgill",,"False","False","False","Never","Expires at: Tuesday, March 10, 2015"
"sgokula","Gokula, Sayampu","CORP\sgokula",,"False","False","False","End of: Tuesday, March 31, 2015","Expires at: Tuesday, March 10, 2015"
"sgreen","Green, Stephen","CORP\sgreen",,"False","False","False","End of: Wednesday, December 31, 2014","Expires at: Thursday, January 08, 2015"
"shpatel","Patel, Shailesh","CORP\shpatel",,"False","False","False","End of: Tuesday, March 31, 2015","Expires at: Monday, January 12, 2015"
"singha","Singh, Ashwani","CORP\singha",,"False","False","False","End of: Tuesday, March 31, 2015","Expires at: Sunday, January 11, 2015"
"skanduk","Kandukari, Sucharitha","CORP\skanduk",,"False","False","False","End of: Tuesday, March 31, 2015","Expires at: Sunday, March 22, 2015"
"skoyi","Koyi, Suresh","CORP\skoyi",,"False","False","True","Never","Expired"
"skrishna","Krishnasamy, Satish","CORP\skrishna",,"False","False","False","End of: Wednesday, December 31, 2014","Expires at: Saturday, January 17, 2015"
"smanam","Manam, Satish","CORP\smanam",,"False","False","False","End of: Tuesday, March 31, 2015","Expires at: Thursday, March 12, 2015"
"snasreen","Nasreen, Shabi","CORP\snasreen",,"False","False","False","End of: Tuesday, March 31, 2015","Expires at: Saturday, February 07, 2015"
"spalaves","Palavesam, Subha","CORP\spalaves",,"False","False","False","End of: Tuesday, March 31, 2015","Expires at: Saturday, February 14, 2015"
"SQLSERVICE","SQL SERVICE","CORP\SQLSERVICE",,"False","False","False","Never","Password never expires"
"srama","Dandu, Sivarama","CORP\srama",,"False","False","False","End of: Tuesday, March 31, 2015","Expires at: Monday, December 29, 2014"
"sraminen","Ramineni, Srujan","CORP\sraminen",,"False","False","False","End of: Wednesday, December 31, 2014","Expires at: Sunday, March 08, 2015"
"sravavar","Ravavarapu, Swathi","CORP\sravavar",,"False","False","False","Never","Expires at: Tuesday, February 17, 2015"
"ssarangi","Sarangi, Sitikantha","CORP\ssarangi",,"False","False","False","End of: Wednesday, December 31, 2014","Expires at: Sunday, January 11, 2015"
"ssegal","Segal, Stella","CORP\ssegal",,"False","False","False","Never","Expires at: Sunday, December 28, 2014"
"ssharma","Sharma, Shalini","CORP\ssharma",,"False","False","False","End of: Tuesday, March 31, 2015","Expires at: Wednesday, January 14, 2015"
"svc_adlds","svc_adlds","CORP\svc_adlds",,"False","False","False","Never","Password never expires"
"svc_admt_target","svc_admt_target","CORP\svc_admt_target",,"False","False","False","Never","Password never expires"
"svc_CA","svc_CA","CORP\svc_CA",,"False","False","False","Never","Password never expires"
"svc_corpexch","svc_corpexch","CORP\svc_corpexch",,"False","False","False","Never","Password never expires"
"svc_corpscanner","svc_corpscanner","CORP\svc_corpscanner",,"False","False","False","Never","Password never expires"
"svc_corpsqldba","svc_corpsqldba","CORP\svc_corpsqldba",,"False","False","False","Never","Password never expires"
"svc_corpsqldev","svc_corpsqldev","CORP\svc_corpsqldev",,"False","False","False","Never","Password never expires"
"svc_cvlt","svc_cvlt","CORP\svc_cvlt",,"False","False","False","Never","Password never expires"
"svc_emm","svc_emm","CORP\svc_emm",,"False","False","False","Never","Password never expires"
"svc_LDAP","svc_LDAP","CORP\svc_LDAP",,"False","False","False","Never","Password never expires"
"svc_ldap_psoft_dev","svc_ldap_psoft_dev","CORP\svc_ldap_psoft_dev",,"False","False","False","Never","Password never expires"
"svc_ldap_psoft_prod","svc_ldap_psoft_prod","CORP\svc_ldap_psoft_prod",,"False","False","False","Never","Password never expires"
"svc_mossp_workflow","svc_mossp_workflow","CORP\svc_mossp_workflow",,"False","False","True","Never","Expired"
"svc_scanner","svc_scanner","CORP\svc_scanner",,"False","False","False","Never","Password never expires"
"svc_sccm","svc_sccm","CORP\svc_sccm",,"False","False","False","Never","Password never expires"
"svc_spapppool","svc_spapppool","CORP\svc_spapppool",,"False","False","False","Never","Password never expires"
"svc_spapppool_devqa","svc_spapppool_devqa","CORP\svc_spapppool_devqa",,"False","False","False","Never","Password never expires"
"svc_spcontent","svc_spcontent","CORP\svc_spcontent",,"False","False","False","Never","Password never expires"
"svc_spcontent_devqa","svc_spcontent_devqa","CORP\svc_spcontent_devqa",,"False","False","False","Never","Password never expires"
"svc_spfarm","svc_spfarm","CORP\svc_spfarm",,"False","False","False","Never","Password never expires"
"svc_spfarm_devqa","svc_spfarm_devqa","CORP\svc_spfarm_devqa",,"False","False","False","Never","Password never expires"
"svc_spfsearch","svc_spfsearch","CORP\svc_spfsearch",,"False","False","False","Never","Password never expires"
"svc_spfsearch_devqa","svc_spfsearch_devqa","CORP\svc_spfsearch_devqa",,"False","False","False","Never","Password never expires"
"svc_spsandbox","svc_spsandbox","CORP\svc_spsandbox",,"False","False","False","Never","Password never expires"
"svc_spsandbox_devqa","svc_spsandbox_devqa","CORP\svc_spsandbox_devqa",,"False","False","False","Never","Password never expires"
"svc_spsearch","svc_spsearch","CORP\svc_spsearch",,"False","False","False","Never","Password never expires"
"svc_spsearch_devqa","svc_spsearch_devqa","CORP\svc_spsearch_devqa",,"False","False","False","Never","Password never expires"
"svc_spservice","svc_spservice","CORP\svc_spservice",,"False","False","False","Never","Password never expires"
"svc_spservice_devqa","svc_spservice_devqa","CORP\svc_spservice_devqa",,"False","False","False","Never","Password never expires"
"svc_spsetup","svc_spsetup","CORP\svc_spsetup",,"False","False","False","Never","Password never expires"
"svc_spsetup_devqa","svc_spsetup_devqa","CORP\svc_spsetup_devqa",,"False","False","False","Never","Password never expires"
"svc_spups","svc_spups","CORP\svc_spups",,"False","False","False","Never","Password never expires"
"svc_spups_devqa","svc_spups_devqa","CORP\svc_spups_devqa",,"False","False","False","Never","Password never expires"
"svc_sqlforefront","svc_sqlforefront","CORP\svc_sqlforefront",,"False","False","True","Never","Expired"
"svc_uperform","svc_uperform","CORP\svc_uperform",,"False","False","False","Never","Password never expires"
"svc_vranger","svc_vranger","CORP\svc_vranger",,"False","False","False","Never","Password never expires"
"svc_winpak","SVC_WINPAK brasslock","CORP\svc_winpak",,"False","False","False","Never","Password never expires"
"syadam","Yadam, Suresh","CORP\syadam",,"False","False","False","End of: Wednesday, December 31, 2014","Expires at: Thursday, January 22, 2015"
"syakkati","Yakkati, Sitaram","CORP\syakkati",,"False","False","False","Never","Expires at: Sunday, December 28, 2014"
"sysabu","D'Abundo, Sal","CORP\sysabu",,"False","False","False","Never","Expires at: Sunday, March 08, 2015"
"sysalg","Algeo, James","CORP\sysalg",,"False","False","False","Never","Expires at: Sunday, March 15, 2015"
"sysana","Ananyeva, Natalie","CORP\sysana",,"False","False","False","Never","Expires at: Sunday, January 18, 2015"
"sysang","Anugonda, Hemant","CORP\sysang",,"False","False","False","Never","Expires at: Monday, March 09, 2015"
"sysbal","Balike, Ravishankar","CORP\sysbal",,"False","False","False","Never","Expires at: Wednesday, February 11, 2015"
"sysbel","Belotserkovsky, Lana","CORP\sysbel",,"False","False","False","Never","Expires at: Wednesday, March 18, 2015"
"sysbom","Bowman, Michael","CORP\sysbom",,"False","False","False","Never","Expires at: Sunday, January 04, 2015"
"sysbon","Bond, Ronald","CORP\sysbon",,"False","False","False","Never","Expires at: Monday, March 09, 2015"
"sysbre","Bretzius, Kerry","CORP\sysbre",,"False","False","False","Never","Expires at: Saturday, February 21, 2015"
"sysbro","Bromley, Clayton","CORP\sysbro",,"False","False","False","Never","Expires at: Thursday, February 12, 2015"
"syscas","Casey, Scott","CORP\syscas",,"False","False","False","Never","Expires at: Sunday, March 15, 2015"
"syscoc","Cocci, Martin","CORP\syscoc",,"False","False","False","Never","Expires at: Sunday, February 15, 2015"
"syscot","Costanzo, Anthony","CORP\syscot",,"False","False","False","Never","Expires at: Sunday, January 11, 2015"
"syscrn","Crone, Steve","CORP\syscrn",,"False","False","False","Never","Expires at: Sunday, January 11, 2015"
"syscrt","Carter, Brenda","CORP\syscrt",,"False","False","False","Never","Expires at: Sunday, March 15, 2015"
"syscum","Cummings, Corey","CORP\syscum",,"False","False","False","Never","Expires at: Monday, January 12, 2015"
"sysdan","D'Antonio, Gina","CORP\sysdan",,"False","False","False","Never","Expires at: Wednesday, January 14, 2015"
"sysdot","Doty, Derek","CORP\sysdot",,"False","False","False","Never","Expires at: Monday, January 26, 2015"
"sysfom","Forman, Joshua","CORP\sysfom",,"False","False","False","Never","Expires at: Wednesday, January 28, 2015"
"sysfri","Fridy, Joan","CORP\sysfri",,"False","False","False","Never","Expires at: Thursday, January 08, 2015"
"sysgai","Gaines, Carl","CORP\sysgai",,"False","False","False","Never","Expires at: Sunday, March 15, 2015"
"sysgod","Godfrey, Erik","CORP\sysgod",,"False","False","False","Never","Expires at: Monday, January 05, 2015"
"sysgom","Sweitzer, Aimee","CORP\sysgom",,"False","False","False","Never","Expires at: Sunday, February 15, 2015"
"sysgro","Grohol, Jim","CORP\sysgro",,"False","False","False","Never","Expires at: Monday, January 26, 2015"
"sysgue","Guerzini, Lori","CORP\sysgue",,"False","False","False","Never","Expires at: Monday, December 29, 2014"
"sysgum","Gurram, Ranjith","CORP\sysgum",,"False","False","False","Never","Expires at: Sunday, February 01, 2015"
"syshar","Hart, Bill","CORP\syshar",,"False","False","False","Never","Expires at: Thursday, January 15, 2015"
"syshay","Hayes, David","CORP\syshay",,"False","False","False","Never","Expires at: Monday, March 02, 2015"
"sysher","Herbst, Linda","CORP\sysher",,"False","False","False","Never","Expires at: Sunday, March 22, 2015"
"syshma","Ma, Hannah","CORP\syshma",,"False","False","False","Never","Expires at: Sunday, March 01, 2015"
"syshum","Humphry, James","CORP\syshum",,"False","False","False","Never","Expires at: Sunday, February 08, 2015"
"sysiru","Irudayaraj, Dharmaraj","CORP\sysiru",,"False","False","False","Never","Expires at: Tuesday, March 10, 2015"
"sysjan","Janas, David","CORP\sysjan",,"False","False","False","Never","Expires at: Thursday, February 19, 2015"
"sysjey","Jeyasingh, Rexon","CORP\sysjey",,"False","False","False","Never","Expires at: Monday, February 09, 2015"
"sysjon","Jones, Douglas","CORP\sysjon",,"False","False","False","Never","Expires at: Sunday, February 08, 2015"
"syskad","Kadysh, Lana","CORP\syskad",,"False","False","False","Never","Expires at: Wednesday, January 14, 2015"
"syskay","Kalyuta, Oksana","CORP\syskay",,"False","False","False","Never","Expires at: Monday, March 16, 2015"
"sysken","Kitchens, Kenyetta","CORP\sysken",,"False","False","False","Never","Expires at: Sunday, January 04, 2015"
"syskhe","Kheifetz, Jury","CORP\syskhe",,"False","False","False","Never","Expires at: Wednesday, February 11, 2015"
"syskim","Kimball, George","CORP\syskim",,"False","False","False","Never","Expires at: Sunday, February 22, 2015"
"syskly","Kelly, Terrance","CORP\syskly",,"False","False","False","Never","Expires at: Sunday, January 04, 2015"
"syskni","Knight, Tom","CORP\syskni",,"False","False","False","Never","Expires at: Sunday, December 28, 2014"
"syskou","Kocur, Ed","CORP\syskou",,"False","False","False","Never","Expires at: Tuesday, February 10, 2015"
"syskoz","Koziara, Edward","CORP\syskoz",,"False","False","False","Never","Expires at: Sunday, January 04, 2015"
"syskua","Kumaravel, Mahendran","CORP\syskua",,"False","False","False","Never","Expires at: Sunday, January 11, 2015"
"syslem","LeMay, John","CORP\syslem",,"False","False","False","Never","Expires at: Monday, March 02, 2015"
"syslen","Lentz, Richard","CORP\syslen",,"False","False","False","Never","Expires at: Sunday, March 01, 2015"
"syslha","Hargrove, Larry","CORP\syslha",,"False","False","False","Never","Expires at: Tuesday, January 13, 2015"
"syslyc","Lynch, Scott","CORP\syslyc",,"False","False","False","Never","Expires at: Thursday, March 05, 2015"
"sysmah","Matthews, Christopher","CORP\sysmah",,"False","False","False","Never","Expires at: Sunday, January 25, 2015"
"sysmas","Masutani, Akiko","CORP\sysmas",,"False","False","False","Never","Expires at: Sunday, January 04, 2015"
"sysmaz","Mazumdar, Sandip","CORP\sysmaz",,"False","False","False","Never","Expires at: Sunday, January 25, 2015"
"sysmca","McAnally, Jennifer","CORP\sysmca",,"False","False","False","Never","Expires at: Wednesday, February 11, 2015"
"sysmcl","McCole, Amy","CORP\sysmcl",,"False","False","False","Never","Expires at: Monday, January 19, 2015"
"sysmic","Eisiminger, Helen","CORP\sysmic",,"False","False","False","Never","Expires at: Sunday, December 28, 2014"
"sysmil","Miller, Matt","CORP\sysmil",,"False","False","False","Never","Expires at: Sunday, February 22, 2015"
"sysmon","Monaghan, Jack","CORP\sysmon",,"False","False","False","Never","Expires at: Sunday, February 15, 2015"
"sysmor","Mordukhayev, Felix","CORP\sysmor",,"False","False","False","Never","Expires at: Monday, February 23, 2015"
"sysmos","Moser, Sam","CORP\sysmos",,"False","False","False","Never","Expires at: Sunday, February 15, 2015"
"sysmoy","Moyer, Paul","CORP\sysmoy",,"False","False","False","Never","Expires at: Saturday, January 31, 2015"
"sysmul","Muller, Peggy","CORP\sysmul",,"False","False","False","Never","Expires at: Sunday, December 28, 2014"
"sysmun","Mung Au, Jennifer","CORP\sysmun",,"False","False","False","Never","Expires at: Sunday, February 22, 2015"
"sysmur","Muir, Trish","CORP\sysmur",,"False","False","False","Never","Expires at: Thursday, March 12, 2015"
"sysmus","Musonge, Ewange","CORP\sysmus",,"False","False","False","Never","Expires at: Thursday, March 05, 2015"
"sysobr","O'Brien, Meghan","CORP\sysobr",,"False","False","False","Never","Expires at: Sunday, February 08, 2015"
"syspiz","Pizzola, Joe","CORP\syspiz",,"False","False","False","Never","Expires at: Thursday, February 05, 2015"
"sysqua","Quagliarello, Jane","CORP\sysqua",,"False","False","False","Never","Expires at: Wednesday, March 04, 2015"
"sysreed","Reed, Dawn","CORP\sysreed",,"False","False","False","Never","Expires at: Sunday, March 01, 2015"
"sysrgr","Gray, Robert","CORP\sysrgr",,"False","False","False","Never","Expires at: Wednesday, February 18, 2015"
"sysric","Rice, Christopher","CORP\sysric",,"False","False","False","Never","Expires at: Sunday, February 22, 2015"
"sysrob","Robbins, Kevin","CORP\sysrob",,"False","False","False","Never","Expires at: Monday, February 23, 2015"
"sysroh","Roehrenbeck, Rece","CORP\sysroh",,"False","False","False","Never","User must change password at next logon."
"sysror","Rocereta, Stephanie","CORP\sysror",,"False","False","False","Never","Expires at: Saturday, January 31, 2015"
"sysrud","Rudolph, Brett","CORP\sysrud",,"False","False","False","Never","Expires at: Tuesday, March 03, 2015"
"sysrus","Russo, Kevin","CORP\sysrus",,"False","False","False","Never","Expires at: Monday, December 29, 2014"
"syssam","Samoylo, Mark","CORP\syssam",,"False","False","False","Never","Expires at: Monday, March 09, 2015"
"syssat","Sator, Zlatko","CORP\syssat",,"False","False","False","Never","Expires at: Sunday, March 22, 2015"
"syssca","Schardt, James","CORP\syssca",,"False","False","False","Never","Expires at: Wednesday, February 04, 2015"
"sysscu","Schulz, Denise","CORP\sysscu",,"False","False","False","Never","Expires at: Sunday, March 01, 2015"
"syssil","Silverman, Keri","CORP\syssil",,"False","False","False","Never","Expires at: Saturday, March 21, 2015"
"syssin","Sindoni, Joe","CORP\syssin",,"False","False","False","Never","Expires at: Wednesday, January 14, 2015"
"syssiv","Silvers, Nathan","CORP\syssiv",,"False","False","False","Never","Expires at: Tuesday, February 03, 2015"
"sysspd","Spade, Cathy","CORP\sysspd",,"False","False","False","Never","Expires at: Sunday, March 08, 2015"
"sysste","Stefanic, Steve","CORP\sysste",,"False","False","False","Never","Expires at: Monday, February 16, 2015"
"syssui","O'Sullivan, Ciaran","CORP\syssui",,"False","False","False","Never","Expires at: Sunday, January 04, 2015"
"sysswa","Swartz, Dustin","CORP\sysswa",,"False","False","False","Never","Expires at: Sunday, March 01, 2015"
"syssze","Szewczak, Anthony","CORP\syssze",,"False","False","False","Never","Expires at: Sunday, February 01, 2015"
"systay","Taylor, Jason","CORP\systay",,"False","False","False","Never","Expires at: Saturday, January 24, 2015"
"systei","Teichert, Robert","CORP\systei",,"False","False","False","Never","Expires at: Saturday, January 24, 2015"
"systel","Tella, KiranKumar","CORP\systel",,"False","True","False","Expired","User must change password at next logon."
"systig","Tigue, David","CORP\systig",,"False","False","False","Never","Expires at: Monday, January 05, 2015"
"systio","Timoteo, Maria","CORP\systio",,"False","False","False","Never","Expires at: Sunday, February 15, 2015"
"sysurk","Urkowitz, Alan","CORP\sysurk",,"False","False","False","Never","Expires at: Monday, January 26, 2015"
"sysvag","Vargas, Jason","CORP\sysvag",,"False","False","False","Never","Expires at: Monday, February 23, 2015"
"sysver","Verish, Christina","CORP\sysver",,"False","False","False","Never","Expires at: Sunday, February 01, 2015"
"sysvon","Vong, Kenneth","CORP\sysvon",,"False","False","False","Never","Expires at: Sunday, February 22, 2015"
"sysyan","Yang, Jeanette","CORP\sysyan",,"False","False","False","Never","Expires at: Monday, January 12, 2015"
"syszhi","Zhitomirsky, Eugene","CORP\syszhi",,"False","False","False","Never","Expires at: Friday, January 23, 2015"
"Syszig","Zighelboim, Joel","CORP\Syszig",,"False","False","False","Never","Expires at: Thursday, February 05, 2015"
"syszwi","Zwicker, Ed","CORP\syszwi",,"False","False","False","Never","Expires at: Saturday, March 14, 2015"
"tbroadle","Broadley, Taylor","CORP\tbroadle",,"False","False","False","Never","Expires at: Thursday, March 05, 2015"
"TestSP1","TestSP1","CORP\TestSP1",,"False","True","True","Expired","Expired"
"tgilbert","Gilbert, Tom","CORP\tgilbert",,"False","False","False","End of: Wednesday, December 31, 2014","Expires at: Sunday, March 01, 2015"
"tmagby","Magby, Tyrone","CORP\tmagby",,"False","False","True","Never","Expired"
"tmcconne","McConnell, Tim","CORP\tmcconne",,"False","False","False","Never","Expires at: Sunday, March 22, 2015"
"tmohapat","Das Mohapatra, Tapas Kuma","CORP\tmohapat",,"False","False","False","End of: Tuesday, March 31, 2015","Expires at: Monday, January 05, 2015"
"tnakon","Nakon, Thaddeus","CORP\tnakon",,"False","False","False","Never","Expires at: Monday, January 05, 2015"
"tnguyen","Nguyen, Tuan","CORP\tnguyen",,"False","False","False","Never","Expires at: Sunday, January 04, 2015"
"tort","Ort, Taylor","CORP\tort",,"False","False","False","End of: Wednesday, December 31, 2014","Expires at: Sunday, February 08, 2015"
"trunnels","Runnels, Tony","CORP\trunnels",,"False","False","False","End of: Wednesday, December 31, 2014","Expires at: Monday, January 12, 2015"
"tsoisson","Soisson, Todd","CORP\tsoisson",,"False","False","False","Never","Expires at: Sunday, January 04, 2015"
"ttakei","Takei, Toshio","CORP\ttakei",,"False","False","False","Never","Expires at: Sunday, February 15, 2015"
"varavell","Venkatesh, Aravelly","CORP\varavell",,"False","False","False","End of: Tuesday, March 31, 2015","Expires at: Wednesday, March 04, 2015"
"vasharma","Sharma, Varun","CORP\vasharma",,"False","False","False","End of: Tuesday, March 31, 2015","Expires at: Wednesday, March 11, 2015"
"vaultsvc","Vault Service Account","CORP\vaultsvc",,"False","False","False","Never","Password never expires"
"vgolovny","Golovnya, Vitaliy","CORP\vgolovny",,"False","False","False","End of: Tuesday, March 31, 2015","Expires at: Tuesday, January 13, 2015"
"vksenzhu","Ksenzhuk, Vitaliy","CORP\vksenzhu",,"False","False","False","End of: Tuesday, March 31, 2015","Expires at: Monday, February 09, 2015"
"vpetrov","Petrov, Victor","CORP\vpetrov",,"False","False","False","Never","Expires at: Monday, December 29, 2014"
"vradhak","Radhakrishnan, Vignesh","CORP\vradhak",,"False","False","False","End of: Wednesday, December 31, 2014","Expires at: Thursday, February 05, 2015"
"vsharma","Sharma, Varun S.","CORP\vsharma",,"False","False","False","End of: Tuesday, March 31, 2015","Expires at: Sunday, March 01, 2015"
"vsomchen","Somchenko, Vitaliy","CORP\vsomchen",,"False","False","False","End of: Tuesday, March 31, 2015","Expires at: Wednesday, March 04, 2015"
"vvasilen","Vasilenko, Valentin","CORP\vvasilen",,"False","False","False","End of: Tuesday, March 31, 2015","Expires at: Sunday, January 11, 2015"
"vvostini","Vostinic, Veljko","CORP\vvostini",,"False","False","False","End of: Tuesday, March 31, 2015","Expires at: Sunday, March 08, 2015"
"WARDET","Ethan Ward","CORP\WARDET",,"False","False","False","Never","Expires at: Monday, March 16, 2015"
"wchow","Chow, Wayne","CORP\wchow",,"False","False","False","Never","Expires at: Thursday, January 08, 2015"
"wevers","Evers, William","CORP\wevers",,"False","False","False","End of: Tuesday, March 31, 2015","Expires at: Monday, January 12, 2015"
"wredmond","Redmond, William","CORP\wredmond",,"False","False","False","Never","Expires at: Sunday, January 18, 2015"
"wvincent","Vincent, Wesley","CORP\wvincent",,"False","False","True","End of: Wednesday, December 31, 2014","Expired"
"yahuja","Ahuja, Yukti","CORP\yahuja",,"False","False","False","End of: Tuesday, March 31, 2015","Expires at: Sunday, January 11, 2015"
"ydergun","Dergunov, Yaroslav","CORP\ydergun",,"False","False","False","End of: Tuesday, March 31, 2015","Expires at: Monday, January 26, 2015"
"ysmoly","Smolyansky, Yelana","CORP\ysmoly",,"False","False","False","Never","Expires at: Wednesday, January 28, 2015"
"ytabata","Tabata, Yuho","CORP\ytabata",,"False","False","True","Never","Expired"
"zmohamm","Mohammed, Zahid","CORP\zmohamm",,"False","False","False","End of: Tuesday, March 31, 2015","Expires at: Tuesday, January 27, 2015"
